from_section,to_section,edge_type
001,002,mentioned_dependency_or_related
001,011,mentioned_dependency_or_related
001,012,mentioned_dependency_or_related
001,013,mentioned_dependency_or_related
001,014,mentioned_dependency_or_related
001,015,mentioned_dependency_or_related
001,016,mentioned_dependency_or_related
001,017,mentioned_dependency_or_related
001,018,mentioned_dependency_or_related
001,019,mentioned_dependency_or_related
001,020,mentioned_dependency_or_related
001,043,mentioned_dependency_or_related
001,106,mentioned_dependency_or_related
001,163,mentioned_dependency_or_related
001,164,mentioned_dependency_or_related
001,165,mentioned_dependency_or_related
001,208,mentioned_dependency_or_related
001,256,mentioned_dependency_or_related
001,257,mentioned_dependency_or_related
001,369,mentioned_dependency_or_related
001,372,mentioned_dependency_or_related
001,402,mentioned_dependency_or_related
001,403,mentioned_dependency_or_related
001,404,mentioned_dependency_or_related
001,405,mentioned_dependency_or_related
002,001,mentioned_dependency_or_related
002,003,mentioned_dependency_or_related
002,004,mentioned_dependency_or_related
002,005,mentioned_dependency_or_related
002,006,mentioned_dependency_or_related
002,007,mentioned_dependency_or_related
002,008,mentioned_dependency_or_related
002,009,mentioned_dependency_or_related
002,010,mentioned_dependency_or_related
002,011,mentioned_dependency_or_related
002,012,mentioned_dependency_or_related
002,013,mentioned_dependency_or_related
002,014,mentioned_dependency_or_related
002,015,mentioned_dependency_or_related
002,016,mentioned_dependency_or_related
002,017,mentioned_dependency_or_related
002,018,mentioned_dependency_or_related
002,019,mentioned_dependency_or_related
002,020,mentioned_dependency_or_related
002,021,mentioned_dependency_or_related
002,060,mentioned_dependency_or_related
002,182,mentioned_dependency_or_related
002,183,mentioned_dependency_or_related
002,208,mentioned_dependency_or_related
002,217,mentioned_dependency_or_related
002,218,mentioned_dependency_or_related
002,221,mentioned_dependency_or_related
002,222,mentioned_dependency_or_related
002,256,mentioned_dependency_or_related
002,257,mentioned_dependency_or_related
002,326,mentioned_dependency_or_related
002,327,mentioned_dependency_or_related
002,369,mentioned_dependency_or_related
002,372,mentioned_dependency_or_related
002,373,mentioned_dependency_or_related
002,384,mentioned_dependency_or_related
002,387,mentioned_dependency_or_related
002,389,mentioned_dependency_or_related
002,390,mentioned_dependency_or_related
002,391,mentioned_dependency_or_related
002,392,mentioned_dependency_or_related
002,393,mentioned_dependency_or_related
002,402,mentioned_dependency_or_related
002,403,mentioned_dependency_or_related
002,404,mentioned_dependency_or_related
002,405,mentioned_dependency_or_related
002,406,mentioned_dependency_or_related
003,001,mentioned_dependency_or_related
003,002,mentioned_dependency_or_related
003,004,mentioned_dependency_or_related
003,005,mentioned_dependency_or_related
003,006,mentioned_dependency_or_related
003,012,mentioned_dependency_or_related
003,013,mentioned_dependency_or_related
003,015,mentioned_dependency_or_related
003,016,mentioned_dependency_or_related
003,017,mentioned_dependency_or_related
003,018,mentioned_dependency_or_related
003,019,mentioned_dependency_or_related
003,106,mentioned_dependency_or_related
003,182,mentioned_dependency_or_related
003,183,mentioned_dependency_or_related
003,208,mentioned_dependency_or_related
003,222,mentioned_dependency_or_related
003,256,mentioned_dependency_or_related
003,257,mentioned_dependency_or_related
003,369,mentioned_dependency_or_related
003,405,mentioned_dependency_or_related
004,001,mentioned_dependency_or_related
004,002,mentioned_dependency_or_related
004,003,mentioned_dependency_or_related
004,005,mentioned_dependency_or_related
004,006,mentioned_dependency_or_related
004,007,mentioned_dependency_or_related
004,008,mentioned_dependency_or_related
004,014,mentioned_dependency_or_related
004,018,mentioned_dependency_or_related
004,019,mentioned_dependency_or_related
004,048,mentioned_dependency_or_related
004,182,mentioned_dependency_or_related
004,183,mentioned_dependency_or_related
004,217,mentioned_dependency_or_related
004,221,mentioned_dependency_or_related
004,222,mentioned_dependency_or_related
004,256,mentioned_dependency_or_related
004,257,mentioned_dependency_or_related
004,373,mentioned_dependency_or_related
004,405,mentioned_dependency_or_related
004,406,mentioned_dependency_or_related
005,001,mentioned_dependency_or_related
005,002,mentioned_dependency_or_related
005,004,mentioned_dependency_or_related
005,006,mentioned_dependency_or_related
005,007,mentioned_dependency_or_related
005,008,mentioned_dependency_or_related
005,010,mentioned_dependency_or_related
005,011,mentioned_dependency_or_related
005,012,mentioned_dependency_or_related
005,013,mentioned_dependency_or_related
005,014,mentioned_dependency_or_related
005,015,mentioned_dependency_or_related
005,016,mentioned_dependency_or_related
005,017,mentioned_dependency_or_related
005,018,mentioned_dependency_or_related
005,025,mentioned_dependency_or_related
005,026,mentioned_dependency_or_related
005,183,mentioned_dependency_or_related
005,219,mentioned_dependency_or_related
005,220,mentioned_dependency_or_related
005,222,mentioned_dependency_or_related
005,256,mentioned_dependency_or_related
005,362,mentioned_dependency_or_related
005,405,mentioned_dependency_or_related
006,001,mentioned_dependency_or_related
006,002,mentioned_dependency_or_related
006,004,mentioned_dependency_or_related
006,005,mentioned_dependency_or_related
006,007,mentioned_dependency_or_related
006,008,mentioned_dependency_or_related
006,010,mentioned_dependency_or_related
006,011,mentioned_dependency_or_related
006,012,mentioned_dependency_or_related
006,014,mentioned_dependency_or_related
006,015,mentioned_dependency_or_related
006,016,mentioned_dependency_or_related
006,017,mentioned_dependency_or_related
006,018,mentioned_dependency_or_related
006,019,mentioned_dependency_or_related
006,026,mentioned_dependency_or_related
006,075,mentioned_dependency_or_related
006,079,mentioned_dependency_or_related
006,106,mentioned_dependency_or_related
006,169,mentioned_dependency_or_related
006,182,mentioned_dependency_or_related
006,183,mentioned_dependency_or_related
006,217,mentioned_dependency_or_related
006,373,mentioned_dependency_or_related
006,390,mentioned_dependency_or_related
006,406,mentioned_dependency_or_related
007,004,mentioned_dependency_or_related
007,005,mentioned_dependency_or_related
007,006,mentioned_dependency_or_related
007,008,mentioned_dependency_or_related
007,009,mentioned_dependency_or_related
007,010,mentioned_dependency_or_related
007,017,mentioned_dependency_or_related
007,018,mentioned_dependency_or_related
007,021,mentioned_dependency_or_related
007,026,mentioned_dependency_or_related
007,034,mentioned_dependency_or_related
007,258,mentioned_dependency_or_related
007,321,mentioned_dependency_or_related
007,324,mentioned_dependency_or_related
007,373,mentioned_dependency_or_related
007,383,mentioned_dependency_or_related
007,390,mentioned_dependency_or_related
007,405,mentioned_dependency_or_related
007,406,mentioned_dependency_or_related
008,005,mentioned_dependency_or_related
008,006,mentioned_dependency_or_related
008,007,mentioned_dependency_or_related
008,009,mentioned_dependency_or_related
008,010,mentioned_dependency_or_related
008,014,mentioned_dependency_or_related
008,017,mentioned_dependency_or_related
008,018,mentioned_dependency_or_related
008,020,mentioned_dependency_or_related
008,021,mentioned_dependency_or_related
008,022,mentioned_dependency_or_related
008,041,mentioned_dependency_or_related
008,258,mentioned_dependency_or_related
008,263,mentioned_dependency_or_related
008,287,mentioned_dependency_or_related
008,289,mentioned_dependency_or_related
008,301,mentioned_dependency_or_related
008,319,mentioned_dependency_or_related
008,331,mentioned_dependency_or_related
008,372,mentioned_dependency_or_related
008,402,mentioned_dependency_or_related
008,405,mentioned_dependency_or_related
009,006,mentioned_dependency_or_related
009,007,mentioned_dependency_or_related
009,008,mentioned_dependency_or_related
009,010,mentioned_dependency_or_related
009,011,mentioned_dependency_or_related
009,017,mentioned_dependency_or_related
009,018,mentioned_dependency_or_related
009,019,mentioned_dependency_or_related
009,020,mentioned_dependency_or_related
009,107,mentioned_dependency_or_related
009,228,mentioned_dependency_or_related
009,231,mentioned_dependency_or_related
009,256,mentioned_dependency_or_related
009,257,mentioned_dependency_or_related
009,258,mentioned_dependency_or_related
009,287,mentioned_dependency_or_related
009,289,mentioned_dependency_or_related
009,331,mentioned_dependency_or_related
009,402,mentioned_dependency_or_related
009,403,mentioned_dependency_or_related
009,404,mentioned_dependency_or_related
010,006,mentioned_dependency_or_related
010,007,mentioned_dependency_or_related
010,008,mentioned_dependency_or_related
010,009,mentioned_dependency_or_related
010,011,mentioned_dependency_or_related
010,012,mentioned_dependency_or_related
010,014,mentioned_dependency_or_related
010,015,mentioned_dependency_or_related
010,016,mentioned_dependency_or_related
010,017,mentioned_dependency_or_related
010,018,mentioned_dependency_or_related
010,019,mentioned_dependency_or_related
010,075,mentioned_dependency_or_related
010,079,mentioned_dependency_or_related
010,080,mentioned_dependency_or_related
010,106,mentioned_dependency_or_related
010,183,mentioned_dependency_or_related
010,231,mentioned_dependency_or_related
010,257,mentioned_dependency_or_related
010,288,mentioned_dependency_or_related
010,372,mentioned_dependency_or_related
010,373,mentioned_dependency_or_related
010,389,mentioned_dependency_or_related
010,390,mentioned_dependency_or_related
010,406,mentioned_dependency_or_related
011,001,mentioned_dependency_or_related
011,004,mentioned_dependency_or_related
011,005,mentioned_dependency_or_related
011,006,mentioned_dependency_or_related
011,009,mentioned_dependency_or_related
011,010,mentioned_dependency_or_related
011,012,mentioned_dependency_or_related
011,014,mentioned_dependency_or_related
011,015,mentioned_dependency_or_related
011,016,mentioned_dependency_or_related
011,017,mentioned_dependency_or_related
011,018,mentioned_dependency_or_related
011,019,mentioned_dependency_or_related
011,024,mentioned_dependency_or_related
011,025,mentioned_dependency_or_related
011,026,mentioned_dependency_or_related
011,027,mentioned_dependency_or_related
011,154,mentioned_dependency_or_related
011,176,mentioned_dependency_or_related
011,221,mentioned_dependency_or_related
011,256,mentioned_dependency_or_related
011,257,mentioned_dependency_or_related
012,001,mentioned_dependency_or_related
012,002,mentioned_dependency_or_related
012,003,mentioned_dependency_or_related
012,005,mentioned_dependency_or_related
012,006,mentioned_dependency_or_related
012,010,mentioned_dependency_or_related
012,011,mentioned_dependency_or_related
012,013,mentioned_dependency_or_related
012,014,mentioned_dependency_or_related
012,015,mentioned_dependency_or_related
012,016,mentioned_dependency_or_related
012,017,mentioned_dependency_or_related
012,163,mentioned_dependency_or_related
012,164,mentioned_dependency_or_related
012,165,mentioned_dependency_or_related
012,218,mentioned_dependency_or_related
012,219,mentioned_dependency_or_related
012,220,mentioned_dependency_or_related
012,369,mentioned_dependency_or_related
012,370,mentioned_dependency_or_related
012,405,mentioned_dependency_or_related
013,001,mentioned_dependency_or_related
013,002,mentioned_dependency_or_related
013,003,mentioned_dependency_or_related
013,005,mentioned_dependency_or_related
013,006,mentioned_dependency_or_related
013,010,mentioned_dependency_or_related
013,012,mentioned_dependency_or_related
013,014,mentioned_dependency_or_related
013,017,mentioned_dependency_or_related
013,018,mentioned_dependency_or_related
013,108,mentioned_dependency_or_related
013,169,mentioned_dependency_or_related
013,189,mentioned_dependency_or_related
013,207,mentioned_dependency_or_related
013,210,mentioned_dependency_or_related
013,219,mentioned_dependency_or_related
013,223,mentioned_dependency_or_related
013,224,mentioned_dependency_or_related
013,256,mentioned_dependency_or_related
013,343,mentioned_dependency_or_related
013,405,mentioned_dependency_or_related
014,001,mentioned_dependency_or_related
014,002,mentioned_dependency_or_related
014,004,mentioned_dependency_or_related
014,005,mentioned_dependency_or_related
014,006,mentioned_dependency_or_related
014,008,mentioned_dependency_or_related
014,009,mentioned_dependency_or_related
014,010,mentioned_dependency_or_related
014,011,mentioned_dependency_or_related
014,012,mentioned_dependency_or_related
014,015,mentioned_dependency_or_related
014,016,mentioned_dependency_or_related
014,018,mentioned_dependency_or_related
014,079,mentioned_dependency_or_related
014,080,mentioned_dependency_or_related
014,101,mentioned_dependency_or_related
014,103,mentioned_dependency_or_related
014,183,mentioned_dependency_or_related
014,217,mentioned_dependency_or_related
014,218,mentioned_dependency_or_related
014,221,mentioned_dependency_or_related
014,222,mentioned_dependency_or_related
014,337,mentioned_dependency_or_related
014,372,mentioned_dependency_or_related
014,405,mentioned_dependency_or_related
015,001,mentioned_dependency_or_related
015,004,mentioned_dependency_or_related
015,006,mentioned_dependency_or_related
015,010,mentioned_dependency_or_related
015,011,mentioned_dependency_or_related
015,012,mentioned_dependency_or_related
015,014,mentioned_dependency_or_related
015,016,mentioned_dependency_or_related
015,017,mentioned_dependency_or_related
015,018,mentioned_dependency_or_related
015,019,mentioned_dependency_or_related
015,075,mentioned_dependency_or_related
015,076,mentioned_dependency_or_related
015,077,mentioned_dependency_or_related
015,078,mentioned_dependency_or_related
015,079,mentioned_dependency_or_related
015,080,mentioned_dependency_or_related
015,082,mentioned_dependency_or_related
015,089,mentioned_dependency_or_related
015,101,mentioned_dependency_or_related
015,103,mentioned_dependency_or_related
015,105,mentioned_dependency_or_related
015,106,mentioned_dependency_or_related
015,165,mentioned_dependency_or_related
015,183,mentioned_dependency_or_related
015,188,mentioned_dependency_or_related
015,217,mentioned_dependency_or_related
015,218,mentioned_dependency_or_related
015,249,mentioned_dependency_or_related
015,257,mentioned_dependency_or_related
015,369,mentioned_dependency_or_related
015,370,mentioned_dependency_or_related
015,372,mentioned_dependency_or_related
015,405,mentioned_dependency_or_related
016,001,mentioned_dependency_or_related
016,004,mentioned_dependency_or_related
016,005,mentioned_dependency_or_related
016,006,mentioned_dependency_or_related
016,010,mentioned_dependency_or_related
016,011,mentioned_dependency_or_related
016,012,mentioned_dependency_or_related
016,014,mentioned_dependency_or_related
016,015,mentioned_dependency_or_related
016,017,mentioned_dependency_or_related
016,018,mentioned_dependency_or_related
016,019,mentioned_dependency_or_related
016,020,mentioned_dependency_or_related
016,021,mentioned_dependency_or_related
016,022,mentioned_dependency_or_related
016,023,mentioned_dependency_or_related
016,024,mentioned_dependency_or_related
016,025,mentioned_dependency_or_related
016,026,mentioned_dependency_or_related
016,027,mentioned_dependency_or_related
016,028,mentioned_dependency_or_related
016,029,mentioned_dependency_or_related
016,030,mentioned_dependency_or_related
016,031,mentioned_dependency_or_related
016,041,mentioned_dependency_or_related
016,042,mentioned_dependency_or_related
016,043,mentioned_dependency_or_related
016,045,mentioned_dependency_or_related
016,046,mentioned_dependency_or_related
016,047,mentioned_dependency_or_related
016,048,mentioned_dependency_or_related
016,049,mentioned_dependency_or_related
016,050,mentioned_dependency_or_related
016,054,mentioned_dependency_or_related
016,055,mentioned_dependency_or_related
016,056,mentioned_dependency_or_related
016,154,mentioned_dependency_or_related
016,175,mentioned_dependency_or_related
016,176,mentioned_dependency_or_related
016,177,mentioned_dependency_or_related
016,178,mentioned_dependency_or_related
016,183,mentioned_dependency_or_related
016,202,mentioned_dependency_or_related
016,221,mentioned_dependency_or_related
016,225,mentioned_dependency_or_related
016,256,mentioned_dependency_or_related
016,257,mentioned_dependency_or_related
016,387,mentioned_dependency_or_related
016,389,mentioned_dependency_or_related
016,405,mentioned_dependency_or_related
016,406,mentioned_dependency_or_related
017,001,mentioned_dependency_or_related
017,002,mentioned_dependency_or_related
017,003,mentioned_dependency_or_related
017,004,mentioned_dependency_or_related
017,005,mentioned_dependency_or_related
017,006,mentioned_dependency_or_related
017,007,mentioned_dependency_or_related
017,008,mentioned_dependency_or_related
017,009,mentioned_dependency_or_related
017,010,mentioned_dependency_or_related
017,011,mentioned_dependency_or_related
017,012,mentioned_dependency_or_related
017,013,mentioned_dependency_or_related
017,014,mentioned_dependency_or_related
017,015,mentioned_dependency_or_related
017,016,mentioned_dependency_or_related
017,018,mentioned_dependency_or_related
017,019,mentioned_dependency_or_related
017,020,mentioned_dependency_or_related
017,021,mentioned_dependency_or_related
017,022,mentioned_dependency_or_related
017,023,mentioned_dependency_or_related
017,033,mentioned_dependency_or_related
017,035,mentioned_dependency_or_related
017,041,mentioned_dependency_or_related
017,045,mentioned_dependency_or_related
017,047,mentioned_dependency_or_related
017,050,mentioned_dependency_or_related
017,051,mentioned_dependency_or_related
017,052,mentioned_dependency_or_related
017,053,mentioned_dependency_or_related
017,056,mentioned_dependency_or_related
017,060,mentioned_dependency_or_related
017,107,mentioned_dependency_or_related
017,151,mentioned_dependency_or_related
017,167,mentioned_dependency_or_related
017,178,mentioned_dependency_or_related
017,182,mentioned_dependency_or_related
017,183,mentioned_dependency_or_related
017,208,mentioned_dependency_or_related
017,219,mentioned_dependency_or_related
017,220,mentioned_dependency_or_related
017,222,mentioned_dependency_or_related
017,256,mentioned_dependency_or_related
017,257,mentioned_dependency_or_related
017,301,mentioned_dependency_or_related
017,326,mentioned_dependency_or_related
017,327,mentioned_dependency_or_related
017,331,mentioned_dependency_or_related
017,348,mentioned_dependency_or_related
017,349,mentioned_dependency_or_related
017,350,mentioned_dependency_or_related
017,374,mentioned_dependency_or_related
017,383,mentioned_dependency_or_related
017,389,mentioned_dependency_or_related
017,390,mentioned_dependency_or_related
017,405,mentioned_dependency_or_related
017,406,mentioned_dependency_or_related
018,001,mentioned_dependency_or_related
018,002,mentioned_dependency_or_related
018,003,mentioned_dependency_or_related
018,004,mentioned_dependency_or_related
018,005,mentioned_dependency_or_related
018,006,mentioned_dependency_or_related
018,007,mentioned_dependency_or_related
018,008,mentioned_dependency_or_related
018,009,mentioned_dependency_or_related
018,010,mentioned_dependency_or_related
018,011,mentioned_dependency_or_related
018,012,mentioned_dependency_or_related
018,013,mentioned_dependency_or_related
018,014,mentioned_dependency_or_related
018,015,mentioned_dependency_or_related
018,016,mentioned_dependency_or_related
018,017,mentioned_dependency_or_related
018,019,mentioned_dependency_or_related
018,020,mentioned_dependency_or_related
018,045,mentioned_dependency_or_related
018,047,mentioned_dependency_or_related
018,048,mentioned_dependency_or_related
018,049,mentioned_dependency_or_related
018,050,mentioned_dependency_or_related
018,051,mentioned_dependency_or_related
018,052,mentioned_dependency_or_related
018,053,mentioned_dependency_or_related
018,056,mentioned_dependency_or_related
018,151,mentioned_dependency_or_related
018,178,mentioned_dependency_or_related
018,181,mentioned_dependency_or_related
018,182,mentioned_dependency_or_related
018,183,mentioned_dependency_or_related
018,189,mentioned_dependency_or_related
018,208,mentioned_dependency_or_related
018,209,mentioned_dependency_or_related
018,217,mentioned_dependency_or_related
018,218,mentioned_dependency_or_related
018,219,mentioned_dependency_or_related
018,220,mentioned_dependency_or_related
018,222,mentioned_dependency_or_related
018,226,mentioned_dependency_or_related
018,227,mentioned_dependency_or_related
018,246,mentioned_dependency_or_related
018,247,mentioned_dependency_or_related
018,251,mentioned_dependency_or_related
018,252,mentioned_dependency_or_related
018,253,mentioned_dependency_or_related
018,256,mentioned_dependency_or_related
018,257,mentioned_dependency_or_related
018,301,mentioned_dependency_or_related
018,306,mentioned_dependency_or_related
018,319,mentioned_dependency_or_related
018,326,mentioned_dependency_or_related
018,327,mentioned_dependency_or_related
018,330,mentioned_dependency_or_related
018,331,mentioned_dependency_or_related
018,332,mentioned_dependency_or_related
018,350,mentioned_dependency_or_related
018,374,mentioned_dependency_or_related
018,380,mentioned_dependency_or_related
018,381,mentioned_dependency_or_related
018,383,mentioned_dependency_or_related
018,389,mentioned_dependency_or_related
018,390,mentioned_dependency_or_related
018,397,mentioned_dependency_or_related
018,400,mentioned_dependency_or_related
018,405,mentioned_dependency_or_related
018,406,mentioned_dependency_or_related
019,001,mentioned_dependency_or_related
019,002,mentioned_dependency_or_related
019,003,mentioned_dependency_or_related
019,004,mentioned_dependency_or_related
019,005,mentioned_dependency_or_related
019,006,mentioned_dependency_or_related
019,007,mentioned_dependency_or_related
019,008,mentioned_dependency_or_related
019,009,mentioned_dependency_or_related
019,010,mentioned_dependency_or_related
019,011,mentioned_dependency_or_related
019,012,mentioned_dependency_or_related
019,013,mentioned_dependency_or_related
019,014,mentioned_dependency_or_related
019,015,mentioned_dependency_or_related
019,016,mentioned_dependency_or_related
019,017,mentioned_dependency_or_related
019,018,mentioned_dependency_or_related
019,020,mentioned_dependency_or_related
019,021,mentioned_dependency_or_related
019,022,mentioned_dependency_or_related
019,023,mentioned_dependency_or_related
019,024,mentioned_dependency_or_related
019,025,mentioned_dependency_or_related
019,026,mentioned_dependency_or_related
019,027,mentioned_dependency_or_related
019,028,mentioned_dependency_or_related
019,029,mentioned_dependency_or_related
019,030,mentioned_dependency_or_related
019,031,mentioned_dependency_or_related
019,032,mentioned_dependency_or_related
019,033,mentioned_dependency_or_related
019,041,mentioned_dependency_or_related
019,042,mentioned_dependency_or_related
019,044,mentioned_dependency_or_related
019,045,mentioned_dependency_or_related
019,046,mentioned_dependency_or_related
019,047,mentioned_dependency_or_related
019,048,mentioned_dependency_or_related
019,049,mentioned_dependency_or_related
019,050,mentioned_dependency_or_related
019,051,mentioned_dependency_or_related
019,052,mentioned_dependency_or_related
019,053,mentioned_dependency_or_related
019,054,mentioned_dependency_or_related
019,055,mentioned_dependency_or_related
019,056,mentioned_dependency_or_related
019,057,mentioned_dependency_or_related
019,058,mentioned_dependency_or_related
019,059,mentioned_dependency_or_related
019,060,mentioned_dependency_or_related
019,075,mentioned_dependency_or_related
019,106,mentioned_dependency_or_related
019,107,mentioned_dependency_or_related
019,151,mentioned_dependency_or_related
019,167,mentioned_dependency_or_related
019,178,mentioned_dependency_or_related
019,182,mentioned_dependency_or_related
019,183,mentioned_dependency_or_related
019,189,mentioned_dependency_or_related
019,217,mentioned_dependency_or_related
019,218,mentioned_dependency_or_related
019,219,mentioned_dependency_or_related
019,220,mentioned_dependency_or_related
019,222,mentioned_dependency_or_related
019,226,mentioned_dependency_or_related
019,227,mentioned_dependency_or_related
019,231,mentioned_dependency_or_related
019,246,mentioned_dependency_or_related
019,247,mentioned_dependency_or_related
019,251,mentioned_dependency_or_related
019,252,mentioned_dependency_or_related
019,253,mentioned_dependency_or_related
019,256,mentioned_dependency_or_related
019,257,mentioned_dependency_or_related
019,289,mentioned_dependency_or_related
019,301,mentioned_dependency_or_related
019,303,mentioned_dependency_or_related
019,319,mentioned_dependency_or_related
019,326,mentioned_dependency_or_related
019,327,mentioned_dependency_or_related
019,331,mentioned_dependency_or_related
019,332,mentioned_dependency_or_related
019,333,mentioned_dependency_or_related
019,341,mentioned_dependency_or_related
019,374,mentioned_dependency_or_related
019,382,mentioned_dependency_or_related
019,383,mentioned_dependency_or_related
019,388,mentioned_dependency_or_related
019,389,mentioned_dependency_or_related
019,390,mentioned_dependency_or_related
019,405,mentioned_dependency_or_related
019,406,mentioned_dependency_or_related
020,001,mentioned_dependency_or_related
020,002,mentioned_dependency_or_related
020,003,mentioned_dependency_or_related
020,004,mentioned_dependency_or_related
020,005,mentioned_dependency_or_related
020,006,mentioned_dependency_or_related
020,007,mentioned_dependency_or_related
020,008,mentioned_dependency_or_related
020,009,mentioned_dependency_or_related
020,010,mentioned_dependency_or_related
020,011,mentioned_dependency_or_related
020,012,mentioned_dependency_or_related
020,013,mentioned_dependency_or_related
020,014,mentioned_dependency_or_related
020,015,mentioned_dependency_or_related
020,016,mentioned_dependency_or_related
020,017,mentioned_dependency_or_related
020,018,mentioned_dependency_or_related
020,019,mentioned_dependency_or_related
020,021,mentioned_dependency_or_related
020,022,mentioned_dependency_or_related
020,023,mentioned_dependency_or_related
020,024,mentioned_dependency_or_related
020,025,mentioned_dependency_or_related
020,026,mentioned_dependency_or_related
020,027,mentioned_dependency_or_related
020,028,mentioned_dependency_or_related
020,029,mentioned_dependency_or_related
020,030,mentioned_dependency_or_related
020,031,mentioned_dependency_or_related
020,032,mentioned_dependency_or_related
020,033,mentioned_dependency_or_related
020,034,mentioned_dependency_or_related
020,035,mentioned_dependency_or_related
020,036,mentioned_dependency_or_related
020,037,mentioned_dependency_or_related
020,038,mentioned_dependency_or_related
020,039,mentioned_dependency_or_related
020,040,mentioned_dependency_or_related
020,041,mentioned_dependency_or_related
020,042,mentioned_dependency_or_related
020,043,mentioned_dependency_or_related
020,044,mentioned_dependency_or_related
020,045,mentioned_dependency_or_related
020,046,mentioned_dependency_or_related
020,047,mentioned_dependency_or_related
020,048,mentioned_dependency_or_related
020,049,mentioned_dependency_or_related
020,050,mentioned_dependency_or_related
020,051,mentioned_dependency_or_related
020,052,mentioned_dependency_or_related
020,053,mentioned_dependency_or_related
020,056,mentioned_dependency_or_related
020,057,mentioned_dependency_or_related
020,058,mentioned_dependency_or_related
020,059,mentioned_dependency_or_related
020,060,mentioned_dependency_or_related
020,063,mentioned_dependency_or_related
020,073,mentioned_dependency_or_related
020,074,mentioned_dependency_or_related
020,075,mentioned_dependency_or_related
020,106,mentioned_dependency_or_related
020,107,mentioned_dependency_or_related
020,130,mentioned_dependency_or_related
020,136,mentioned_dependency_or_related
020,167,mentioned_dependency_or_related
020,178,mentioned_dependency_or_related
020,182,mentioned_dependency_or_related
020,183,mentioned_dependency_or_related
020,189,mentioned_dependency_or_related
020,219,mentioned_dependency_or_related
020,220,mentioned_dependency_or_related
020,222,mentioned_dependency_or_related
020,226,mentioned_dependency_or_related
020,227,mentioned_dependency_or_related
020,231,mentioned_dependency_or_related
020,235,mentioned_dependency_or_related
020,256,mentioned_dependency_or_related
020,257,mentioned_dependency_or_related
020,258,mentioned_dependency_or_related
020,259,mentioned_dependency_or_related
020,260,mentioned_dependency_or_related
020,261,mentioned_dependency_or_related
020,262,mentioned_dependency_or_related
020,263,mentioned_dependency_or_related
020,269,mentioned_dependency_or_related
020,272,mentioned_dependency_or_related
020,289,mentioned_dependency_or_related
020,301,mentioned_dependency_or_related
020,303,mentioned_dependency_or_related
020,311,mentioned_dependency_or_related
020,319,mentioned_dependency_or_related
020,326,mentioned_dependency_or_related
020,327,mentioned_dependency_or_related
020,331,mentioned_dependency_or_related
020,332,mentioned_dependency_or_related
020,333,mentioned_dependency_or_related
020,341,mentioned_dependency_or_related
020,350,mentioned_dependency_or_related
020,374,mentioned_dependency_or_related
020,382,mentioned_dependency_or_related
020,383,mentioned_dependency_or_related
020,388,mentioned_dependency_or_related
020,389,mentioned_dependency_or_related
020,390,mentioned_dependency_or_related
020,405,mentioned_dependency_or_related
020,406,mentioned_dependency_or_related
021,001,mentioned_dependency_or_related
021,020,mentioned_dependency_or_related
021,022,mentioned_dependency_or_related
021,023,mentioned_dependency_or_related
021,024,mentioned_dependency_or_related
021,025,mentioned_dependency_or_related
021,026,mentioned_dependency_or_related
021,027,mentioned_dependency_or_related
021,028,mentioned_dependency_or_related
021,029,mentioned_dependency_or_related
021,030,mentioned_dependency_or_related
021,031,mentioned_dependency_or_related
021,032,mentioned_dependency_or_related
021,033,mentioned_dependency_or_related
021,034,mentioned_dependency_or_related
021,035,mentioned_dependency_or_related
021,036,mentioned_dependency_or_related
021,041,mentioned_dependency_or_related
021,045,mentioned_dependency_or_related
021,048,mentioned_dependency_or_related
021,051,mentioned_dependency_or_related
021,052,mentioned_dependency_or_related
021,258,mentioned_dependency_or_related
021,289,mentioned_dependency_or_related
021,373,mentioned_dependency_or_related
021,384,mentioned_dependency_or_related
021,389,mentioned_dependency_or_related
021,390,mentioned_dependency_or_related
021,405,mentioned_dependency_or_related
021,406,mentioned_dependency_or_related
022,001,mentioned_dependency_or_related
022,021,mentioned_dependency_or_related
022,023,mentioned_dependency_or_related
022,024,mentioned_dependency_or_related
022,025,mentioned_dependency_or_related
022,028,mentioned_dependency_or_related
022,029,mentioned_dependency_or_related
022,030,mentioned_dependency_or_related
022,031,mentioned_dependency_or_related
022,032,mentioned_dependency_or_related
022,033,mentioned_dependency_or_related
022,034,mentioned_dependency_or_related
022,035,mentioned_dependency_or_related
022,036,mentioned_dependency_or_related
022,038,mentioned_dependency_or_related
022,041,mentioned_dependency_or_related
022,042,mentioned_dependency_or_related
022,043,mentioned_dependency_or_related
022,044,mentioned_dependency_or_related
022,045,mentioned_dependency_or_related
022,046,mentioned_dependency_or_related
022,047,mentioned_dependency_or_related
022,048,mentioned_dependency_or_related
022,050,mentioned_dependency_or_related
022,051,mentioned_dependency_or_related
022,052,mentioned_dependency_or_related
022,053,mentioned_dependency_or_related
022,056,mentioned_dependency_or_related
022,107,mentioned_dependency_or_related
022,128,mentioned_dependency_or_related
022,129,mentioned_dependency_or_related
022,167,mentioned_dependency_or_related
022,178,mentioned_dependency_or_related
022,231,mentioned_dependency_or_related
022,257,mentioned_dependency_or_related
022,258,mentioned_dependency_or_related
022,300,mentioned_dependency_or_related
022,301,mentioned_dependency_or_related
022,332,mentioned_dependency_or_related
022,374,mentioned_dependency_or_related
022,406,mentioned_dependency_or_related
023,001,mentioned_dependency_or_related
023,022,mentioned_dependency_or_related
023,024,mentioned_dependency_or_related
023,025,mentioned_dependency_or_related
023,026,mentioned_dependency_or_related
023,027,mentioned_dependency_or_related
023,028,mentioned_dependency_or_related
023,029,mentioned_dependency_or_related
023,030,mentioned_dependency_or_related
023,031,mentioned_dependency_or_related
023,032,mentioned_dependency_or_related
023,033,mentioned_dependency_or_related
023,034,mentioned_dependency_or_related
023,035,mentioned_dependency_or_related
023,036,mentioned_dependency_or_related
023,037,mentioned_dependency_or_related
023,038,mentioned_dependency_or_related
023,039,mentioned_dependency_or_related
023,040,mentioned_dependency_or_related
023,041,mentioned_dependency_or_related
023,042,mentioned_dependency_or_related
023,043,mentioned_dependency_or_related
023,044,mentioned_dependency_or_related
023,045,mentioned_dependency_or_related
023,046,mentioned_dependency_or_related
023,047,mentioned_dependency_or_related
023,048,mentioned_dependency_or_related
023,049,mentioned_dependency_or_related
023,050,mentioned_dependency_or_related
023,051,mentioned_dependency_or_related
023,052,mentioned_dependency_or_related
023,053,mentioned_dependency_or_related
023,054,mentioned_dependency_or_related
023,055,mentioned_dependency_or_related
023,056,mentioned_dependency_or_related
023,057,mentioned_dependency_or_related
023,058,mentioned_dependency_or_related
023,059,mentioned_dependency_or_related
023,060,mentioned_dependency_or_related
023,107,mentioned_dependency_or_related
023,230,mentioned_dependency_or_related
023,231,mentioned_dependency_or_related
023,257,mentioned_dependency_or_related
023,258,mentioned_dependency_or_related
023,300,mentioned_dependency_or_related
023,301,mentioned_dependency_or_related
023,332,mentioned_dependency_or_related
023,374,mentioned_dependency_or_related
023,406,mentioned_dependency_or_related
024,001,mentioned_dependency_or_related
024,011,mentioned_dependency_or_related
024,014,mentioned_dependency_or_related
024,015,mentioned_dependency_or_related
024,016,mentioned_dependency_or_related
024,019,mentioned_dependency_or_related
024,020,mentioned_dependency_or_related
024,021,mentioned_dependency_or_related
024,022,mentioned_dependency_or_related
024,023,mentioned_dependency_or_related
024,025,mentioned_dependency_or_related
024,026,mentioned_dependency_or_related
024,027,mentioned_dependency_or_related
024,028,mentioned_dependency_or_related
024,029,mentioned_dependency_or_related
024,030,mentioned_dependency_or_related
024,031,mentioned_dependency_or_related
024,032,mentioned_dependency_or_related
024,033,mentioned_dependency_or_related
024,041,mentioned_dependency_or_related
024,042,mentioned_dependency_or_related
024,043,mentioned_dependency_or_related
024,048,mentioned_dependency_or_related
024,049,mentioned_dependency_or_related
024,054,mentioned_dependency_or_related
024,055,mentioned_dependency_or_related
024,056,mentioned_dependency_or_related
024,098,mentioned_dependency_or_related
024,107,mentioned_dependency_or_related
024,128,mentioned_dependency_or_related
024,129,mentioned_dependency_or_related
024,130,mentioned_dependency_or_related
024,164,mentioned_dependency_or_related
024,167,mentioned_dependency_or_related
024,176,mentioned_dependency_or_related
024,177,mentioned_dependency_or_related
024,178,mentioned_dependency_or_related
024,231,mentioned_dependency_or_related
024,257,mentioned_dependency_or_related
024,301,mentioned_dependency_or_related
024,332,mentioned_dependency_or_related
024,374,mentioned_dependency_or_related
024,406,mentioned_dependency_or_related
025,001,mentioned_dependency_or_related
025,004,mentioned_dependency_or_related
025,005,mentioned_dependency_or_related
025,006,mentioned_dependency_or_related
025,007,mentioned_dependency_or_related
025,011,mentioned_dependency_or_related
025,014,mentioned_dependency_or_related
025,015,mentioned_dependency_or_related
025,016,mentioned_dependency_or_related
025,017,mentioned_dependency_or_related
025,018,mentioned_dependency_or_related
025,019,mentioned_dependency_or_related
025,020,mentioned_dependency_or_related
025,021,mentioned_dependency_or_related
025,024,mentioned_dependency_or_related
025,026,mentioned_dependency_or_related
025,027,mentioned_dependency_or_related
025,028,mentioned_dependency_or_related
025,029,mentioned_dependency_or_related
025,030,mentioned_dependency_or_related
026,001,mentioned_dependency_or_related
026,004,mentioned_dependency_or_related
026,005,mentioned_dependency_or_related
026,006,mentioned_dependency_or_related
026,007,mentioned_dependency_or_related
026,008,mentioned_dependency_or_related
026,011,mentioned_dependency_or_related
026,016,mentioned_dependency_or_related
026,017,mentioned_dependency_or_related
026,018,mentioned_dependency_or_related
026,019,mentioned_dependency_or_related
026,020,mentioned_dependency_or_related
026,021,mentioned_dependency_or_related
026,023,mentioned_dependency_or_related
026,024,mentioned_dependency_or_related
026,025,mentioned_dependency_or_related
026,027,mentioned_dependency_or_related
026,028,mentioned_dependency_or_related
026,029,mentioned_dependency_or_related
026,030,mentioned_dependency_or_related
027,001,mentioned_dependency_or_related
027,011,mentioned_dependency_or_related
027,014,mentioned_dependency_or_related
027,015,mentioned_dependency_or_related
027,016,mentioned_dependency_or_related
027,017,mentioned_dependency_or_related
027,018,mentioned_dependency_or_related
027,019,mentioned_dependency_or_related
027,020,mentioned_dependency_or_related
027,021,mentioned_dependency_or_related
027,022,mentioned_dependency_or_related
027,023,mentioned_dependency_or_related
027,024,mentioned_dependency_or_related
027,025,mentioned_dependency_or_related
027,026,mentioned_dependency_or_related
027,028,mentioned_dependency_or_related
027,029,mentioned_dependency_or_related
027,030,mentioned_dependency_or_related
027,031,mentioned_dependency_or_related
027,032,mentioned_dependency_or_related
027,041,mentioned_dependency_or_related
027,042,mentioned_dependency_or_related
027,043,mentioned_dependency_or_related
027,045,mentioned_dependency_or_related
027,047,mentioned_dependency_or_related
027,048,mentioned_dependency_or_related
027,050,mentioned_dependency_or_related
027,051,mentioned_dependency_or_related
027,052,mentioned_dependency_or_related
027,053,mentioned_dependency_or_related
027,075,mentioned_dependency_or_related
027,078,mentioned_dependency_or_related
027,080,mentioned_dependency_or_related
027,106,mentioned_dependency_or_related
027,231,mentioned_dependency_or_related
027,234,mentioned_dependency_or_related
027,235,mentioned_dependency_or_related
027,237,mentioned_dependency_or_related
027,249,mentioned_dependency_or_related
027,256,mentioned_dependency_or_related
027,257,mentioned_dependency_or_related
027,289,mentioned_dependency_or_related
027,301,mentioned_dependency_or_related
027,311,mentioned_dependency_or_related
027,319,mentioned_dependency_or_related
027,331,mentioned_dependency_or_related
027,332,mentioned_dependency_or_related
027,341,mentioned_dependency_or_related
027,374,mentioned_dependency_or_related
027,389,mentioned_dependency_or_related
027,405,mentioned_dependency_or_related
027,406,mentioned_dependency_or_related
028,001,mentioned_dependency_or_related
028,018,mentioned_dependency_or_related
028,019,mentioned_dependency_or_related
028,020,mentioned_dependency_or_related
028,021,mentioned_dependency_or_related
028,022,mentioned_dependency_or_related
028,023,mentioned_dependency_or_related
028,024,mentioned_dependency_or_related
028,025,mentioned_dependency_or_related
028,026,mentioned_dependency_or_related
028,027,mentioned_dependency_or_related
028,029,mentioned_dependency_or_related
028,030,mentioned_dependency_or_related
028,031,mentioned_dependency_or_related
028,032,mentioned_dependency_or_related
028,033,mentioned_dependency_or_related
028,034,mentioned_dependency_or_related
028,035,mentioned_dependency_or_related
028,038,mentioned_dependency_or_related
028,041,mentioned_dependency_or_related
028,042,mentioned_dependency_or_related
028,043,mentioned_dependency_or_related
028,044,mentioned_dependency_or_related
028,045,mentioned_dependency_or_related
028,046,mentioned_dependency_or_related
028,047,mentioned_dependency_or_related
028,048,mentioned_dependency_or_related
028,050,mentioned_dependency_or_related
028,051,mentioned_dependency_or_related
028,052,mentioned_dependency_or_related
028,053,mentioned_dependency_or_related
028,056,mentioned_dependency_or_related
028,057,mentioned_dependency_or_related
028,058,mentioned_dependency_or_related
028,059,mentioned_dependency_or_related
028,060,mentioned_dependency_or_related
028,075,mentioned_dependency_or_related
028,106,mentioned_dependency_or_related
028,107,mentioned_dependency_or_related
028,117,mentioned_dependency_or_related
028,128,mentioned_dependency_or_related
028,129,mentioned_dependency_or_related
028,178,mentioned_dependency_or_related
028,182,mentioned_dependency_or_related
028,183,mentioned_dependency_or_related
028,231,mentioned_dependency_or_related
028,234,mentioned_dependency_or_related
028,235,mentioned_dependency_or_related
028,246,mentioned_dependency_or_related
028,247,mentioned_dependency_or_related
028,253,mentioned_dependency_or_related
028,254,mentioned_dependency_or_related
028,256,mentioned_dependency_or_related
028,257,mentioned_dependency_or_related
028,258,mentioned_dependency_or_related
028,289,mentioned_dependency_or_related
028,301,mentioned_dependency_or_related
028,303,mentioned_dependency_or_related
028,313,mentioned_dependency_or_related
028,319,mentioned_dependency_or_related
028,327,mentioned_dependency_or_related
028,331,mentioned_dependency_or_related
028,332,mentioned_dependency_or_related
028,374,mentioned_dependency_or_related
028,387,mentioned_dependency_or_related
028,388,mentioned_dependency_or_related
028,389,mentioned_dependency_or_related
028,405,mentioned_dependency_or_related
028,406,mentioned_dependency_or_related
029,019,mentioned_dependency_or_related
029,020,mentioned_dependency_or_related
029,021,mentioned_dependency_or_related
029,028,mentioned_dependency_or_related
029,030,mentioned_dependency_or_related
029,044,mentioned_dependency_or_related
029,045,mentioned_dependency_or_related
029,053,mentioned_dependency_or_related
029,301,mentioned_dependency_or_related
029,331,mentioned_dependency_or_related
029,332,mentioned_dependency_or_related
029,406,mentioned_dependency_or_related
030,016,mentioned_dependency_or_related
030,019,mentioned_dependency_or_related
030,020,mentioned_dependency_or_related
030,021,mentioned_dependency_or_related
030,029,mentioned_dependency_or_related
030,031,mentioned_dependency_or_related
030,060,mentioned_dependency_or_related
030,151,mentioned_dependency_or_related
030,188,mentioned_dependency_or_related
030,225,mentioned_dependency_or_related
030,247,mentioned_dependency_or_related
030,250,mentioned_dependency_or_related
030,391,mentioned_dependency_or_related
030,395,mentioned_dependency_or_related
031,016,mentioned_dependency_or_related
031,019,mentioned_dependency_or_related
031,020,mentioned_dependency_or_related
031,021,mentioned_dependency_or_related
031,029,mentioned_dependency_or_related
031,030,mentioned_dependency_or_related
031,032,mentioned_dependency_or_related
031,044,mentioned_dependency_or_related
031,045,mentioned_dependency_or_related
031,060,mentioned_dependency_or_related
031,151,mentioned_dependency_or_related
031,188,mentioned_dependency_or_related
031,225,mentioned_dependency_or_related
031,254,mentioned_dependency_or_related
031,285,mentioned_dependency_or_related
031,307,mentioned_dependency_or_related
031,391,mentioned_dependency_or_related
031,395,mentioned_dependency_or_related
032,019,mentioned_dependency_or_related
032,020,mentioned_dependency_or_related
032,021,mentioned_dependency_or_related
032,031,mentioned_dependency_or_related
032,033,mentioned_dependency_or_related
032,044,mentioned_dependency_or_related
032,045,mentioned_dependency_or_related
032,060,mentioned_dependency_or_related
032,107,mentioned_dependency_or_related
032,150,mentioned_dependency_or_related
032,255,mentioned_dependency_or_related
032,300,mentioned_dependency_or_related
032,301,mentioned_dependency_or_related
032,406,mentioned_dependency_or_related
033,019,mentioned_dependency_or_related
033,032,mentioned_dependency_or_related
033,034,mentioned_dependency_or_related
033,044,mentioned_dependency_or_related
033,045,mentioned_dependency_or_related
033,060,mentioned_dependency_or_related
033,107,mentioned_dependency_or_related
033,150,mentioned_dependency_or_related
033,255,mentioned_dependency_or_related
033,300,mentioned_dependency_or_related
033,301,mentioned_dependency_or_related
033,406,mentioned_dependency_or_related
034,019,mentioned_dependency_or_related
034,033,mentioned_dependency_or_related
034,035,mentioned_dependency_or_related
034,044,mentioned_dependency_or_related
034,045,mentioned_dependency_or_related
034,060,mentioned_dependency_or_related
034,255,mentioned_dependency_or_related
034,300,mentioned_dependency_or_related
034,301,mentioned_dependency_or_related
034,406,mentioned_dependency_or_related
035,019,mentioned_dependency_or_related
035,034,mentioned_dependency_or_related
035,036,mentioned_dependency_or_related
035,044,mentioned_dependency_or_related
035,045,mentioned_dependency_or_related
035,060,mentioned_dependency_or_related
035,255,mentioned_dependency_or_related
035,300,mentioned_dependency_or_related
035,301,mentioned_dependency_or_related
035,406,mentioned_dependency_or_related
036,019,mentioned_dependency_or_related
036,035,mentioned_dependency_or_related
036,037,mentioned_dependency_or_related
036,044,mentioned_dependency_or_related
036,045,mentioned_dependency_or_related
036,060,mentioned_dependency_or_related
036,255,mentioned_dependency_or_related
036,300,mentioned_dependency_or_related
036,301,mentioned_dependency_or_related
036,406,mentioned_dependency_or_related
037,019,mentioned_dependency_or_related
037,036,mentioned_dependency_or_related
037,038,mentioned_dependency_or_related
037,044,mentioned_dependency_or_related
037,045,mentioned_dependency_or_related
037,060,mentioned_dependency_or_related
037,068,mentioned_dependency_or_related
037,074,mentioned_dependency_or_related
037,301,mentioned_dependency_or_related
037,406,mentioned_dependency_or_related
038,019,mentioned_dependency_or_related
038,037,mentioned_dependency_or_related
038,039,mentioned_dependency_or_related
038,044,mentioned_dependency_or_related
038,045,mentioned_dependency_or_related
038,060,mentioned_dependency_or_related
038,130,mentioned_dependency_or_related
038,145,mentioned_dependency_or_related
038,301,mentioned_dependency_or_related
038,406,mentioned_dependency_or_related
039,019,mentioned_dependency_or_related
039,038,mentioned_dependency_or_related
039,040,mentioned_dependency_or_related
039,044,mentioned_dependency_or_related
039,045,mentioned_dependency_or_related
039,060,mentioned_dependency_or_related
039,195,mentioned_dependency_or_related
039,284,mentioned_dependency_or_related
039,301,mentioned_dependency_or_related
039,406,mentioned_dependency_or_related
040,019,mentioned_dependency_or_related
040,039,mentioned_dependency_or_related
040,041,mentioned_dependency_or_related
040,044,mentioned_dependency_or_related
040,045,mentioned_dependency_or_related
040,060,mentioned_dependency_or_related
040,088,mentioned_dependency_or_related
040,103,mentioned_dependency_or_related
040,313,mentioned_dependency_or_related
040,318,mentioned_dependency_or_related
041,019,mentioned_dependency_or_related
041,040,mentioned_dependency_or_related
041,042,mentioned_dependency_or_related
041,044,mentioned_dependency_or_related
041,045,mentioned_dependency_or_related
041,060,mentioned_dependency_or_related
041,128,mentioned_dependency_or_related
041,131,mentioned_dependency_or_related
041,301,mentioned_dependency_or_related
041,406,mentioned_dependency_or_related
042,019,mentioned_dependency_or_related
042,041,mentioned_dependency_or_related
042,043,mentioned_dependency_or_related
042,044,mentioned_dependency_or_related
042,045,mentioned_dependency_or_related
042,060,mentioned_dependency_or_related
042,128,mentioned_dependency_or_related
042,129,mentioned_dependency_or_related
042,255,mentioned_dependency_or_related
042,300,mentioned_dependency_or_related
042,301,mentioned_dependency_or_related
042,406,mentioned_dependency_or_related
043,019,mentioned_dependency_or_related
043,042,mentioned_dependency_or_related
043,044,mentioned_dependency_or_related
043,045,mentioned_dependency_or_related
043,060,mentioned_dependency_or_related
043,131,mentioned_dependency_or_related
043,145,mentioned_dependency_or_related
043,153,mentioned_dependency_or_related
043,161,mentioned_dependency_or_related
043,301,mentioned_dependency_or_related
043,406,mentioned_dependency_or_related
044,019,mentioned_dependency_or_related
044,043,mentioned_dependency_or_related
044,045,mentioned_dependency_or_related
044,060,mentioned_dependency_or_related
044,112,mentioned_dependency_or_related
044,130,mentioned_dependency_or_related
044,145,mentioned_dependency_or_related
044,301,mentioned_dependency_or_related
044,406,mentioned_dependency_or_related
045,019,mentioned_dependency_or_related
045,044,mentioned_dependency_or_related
045,046,mentioned_dependency_or_related
045,060,mentioned_dependency_or_related
045,189,mentioned_dependency_or_related
045,217,mentioned_dependency_or_related
045,246,mentioned_dependency_or_related
045,252,mentioned_dependency_or_related
045,301,mentioned_dependency_or_related
045,406,mentioned_dependency_or_related
046,019,mentioned_dependency_or_related
046,045,mentioned_dependency_or_related
046,047,mentioned_dependency_or_related
046,060,mentioned_dependency_or_related
046,200,mentioned_dependency_or_related
046,205,mentioned_dependency_or_related
046,246,mentioned_dependency_or_related
046,251,mentioned_dependency_or_related
047,019,mentioned_dependency_or_related
047,046,mentioned_dependency_or_related
047,048,mentioned_dependency_or_related
047,060,mentioned_dependency_or_related
047,155,mentioned_dependency_or_related
047,158,mentioned_dependency_or_related
047,218,mentioned_dependency_or_related
047,391,mentioned_dependency_or_related
047,395,mentioned_dependency_or_related
048,001,mentioned_dependency_or_related
048,020,mentioned_dependency_or_related
048,021,mentioned_dependency_or_related
048,047,mentioned_dependency_or_related
048,049,mentioned_dependency_or_related
048,060,mentioned_dependency_or_related
048,183,mentioned_dependency_or_related
048,200,mentioned_dependency_or_related
048,208,mentioned_dependency_or_related
048,225,mentioned_dependency_or_related
048,227,mentioned_dependency_or_related
048,405,mentioned_dependency_or_related
048,406,mentioned_dependency_or_related
049,001,mentioned_dependency_or_related
049,048,mentioned_dependency_or_related
049,050,mentioned_dependency_or_related
049,060,mentioned_dependency_or_related
049,220,mentioned_dependency_or_related
049,227,mentioned_dependency_or_related
049,251,mentioned_dependency_or_related
049,405,mentioned_dependency_or_related
049,406,mentioned_dependency_or_related
050,019,mentioned_dependency_or_related
050,049,mentioned_dependency_or_related
050,051,mentioned_dependency_or_related
050,060,mentioned_dependency_or_related
050,182,mentioned_dependency_or_related
050,208,mentioned_dependency_or_related
050,243,mentioned_dependency_or_related
050,245,mentioned_dependency_or_related
050,252,mentioned_dependency_or_related
050,326,mentioned_dependency_or_related
050,330,mentioned_dependency_or_related
051,019,mentioned_dependency_or_related
051,050,mentioned_dependency_or_related
051,052,mentioned_dependency_or_related
051,060,mentioned_dependency_or_related
051,243,mentioned_dependency_or_related
051,245,mentioned_dependency_or_related
051,301,mentioned_dependency_or_related
051,321,mentioned_dependency_or_related
051,324,mentioned_dependency_or_related
051,330,mentioned_dependency_or_related
052,019,mentioned_dependency_or_related
052,051,mentioned_dependency_or_related
052,053,mentioned_dependency_or_related
052,060,mentioned_dependency_or_related
052,243,mentioned_dependency_or_related
052,245,mentioned_dependency_or_related
052,324,mentioned_dependency_or_related
052,326,mentioned_dependency_or_related
052,331,mentioned_dependency_or_related
053,001,mentioned_dependency_or_related
053,052,mentioned_dependency_or_related
053,054,mentioned_dependency_or_related
053,060,mentioned_dependency_or_related
053,075,mentioned_dependency_or_related
053,106,mentioned_dependency_or_related
053,247,mentioned_dependency_or_related
053,250,mentioned_dependency_or_related
054,016,mentioned_dependency_or_related
054,019,mentioned_dependency_or_related
054,030,mentioned_dependency_or_related
054,040,mentioned_dependency_or_related
054,053,mentioned_dependency_or_related
054,055,mentioned_dependency_or_related
054,060,mentioned_dependency_or_related
054,097,mentioned_dependency_or_related
054,103,mentioned_dependency_or_related
054,341,mentioned_dependency_or_related
054,342,mentioned_dependency_or_related
054,391,mentioned_dependency_or_related
054,395,mentioned_dependency_or_related
055,016,mentioned_dependency_or_related
055,030,mentioned_dependency_or_related
055,047,mentioned_dependency_or_related
055,054,mentioned_dependency_or_related
055,056,mentioned_dependency_or_related
055,060,mentioned_dependency_or_related
055,171,mentioned_dependency_or_related
055,177,mentioned_dependency_or_related
055,180,mentioned_dependency_or_related
055,342,mentioned_dependency_or_related
056,019,mentioned_dependency_or_related
056,055,mentioned_dependency_or_related
056,057,mentioned_dependency_or_related
056,060,mentioned_dependency_or_related
056,167,mentioned_dependency_or_related
056,180,mentioned_dependency_or_related
056,186,mentioned_dependency_or_related
056,188,mentioned_dependency_or_related
057,019,mentioned_dependency_or_related
057,056,mentioned_dependency_or_related
057,058,mentioned_dependency_or_related
057,060,mentioned_dependency_or_related
057,164,mentioned_dependency_or_related
057,186,mentioned_dependency_or_related
058,019,mentioned_dependency_or_related
058,057,mentioned_dependency_or_related
058,059,mentioned_dependency_or_related
058,060,mentioned_dependency_or_related
058,073,mentioned_dependency_or_related
058,074,mentioned_dependency_or_related
058,182,mentioned_dependency_or_related
058,198,mentioned_dependency_or_related
058,199,mentioned_dependency_or_related
058,252,mentioned_dependency_or_related
059,019,mentioned_dependency_or_related
059,058,mentioned_dependency_or_related
059,060,mentioned_dependency_or_related
059,068,mentioned_dependency_or_related
059,074,mentioned_dependency_or_related
059,198,mentioned_dependency_or_related
059,199,mentioned_dependency_or_related
059,232,mentioned_dependency_or_related
059,252,mentioned_dependency_or_related
060,019,mentioned_dependency_or_related
060,059,mentioned_dependency_or_related
060,061,mentioned_dependency_or_related
060,074,mentioned_dependency_or_related
060,198,mentioned_dependency_or_related
060,199,mentioned_dependency_or_related
060,232,mentioned_dependency_or_related
060,252,mentioned_dependency_or_related
060,351,mentioned_dependency_or_related
060,355,mentioned_dependency_or_related
060,399,mentioned_dependency_or_related
060,401,mentioned_dependency_or_related
061,019,mentioned_dependency_or_related
061,020,mentioned_dependency_or_related
061,045,mentioned_dependency_or_related
061,050,mentioned_dependency_or_related
061,051,mentioned_dependency_or_related
061,052,mentioned_dependency_or_related
061,060,mentioned_dependency_or_related
061,062,mentioned_dependency_or_related
061,064,mentioned_dependency_or_related
061,232,mentioned_dependency_or_related
061,243,mentioned_dependency_or_related
061,252,mentioned_dependency_or_related
061,351,mentioned_dependency_or_related
061,399,mentioned_dependency_or_related
062,019,mentioned_dependency_or_related
062,061,mentioned_dependency_or_related
062,063,mentioned_dependency_or_related
062,066,mentioned_dependency_or_related
062,067,mentioned_dependency_or_related
062,068,mentioned_dependency_or_related
062,069,mentioned_dependency_or_related
062,232,mentioned_dependency_or_related
062,246,mentioned_dependency_or_related
062,252,mentioned_dependency_or_related
062,351,mentioned_dependency_or_related
062,354,mentioned_dependency_or_related
063,019,mentioned_dependency_or_related
063,020,mentioned_dependency_or_related
063,033,mentioned_dependency_or_related
063,035,mentioned_dependency_or_related
063,045,mentioned_dependency_or_related
063,051,mentioned_dependency_or_related
063,052,mentioned_dependency_or_related
063,060,mentioned_dependency_or_related
063,062,mentioned_dependency_or_related
063,068,mentioned_dependency_or_related
063,069,mentioned_dependency_or_related
063,113,mentioned_dependency_or_related
063,232,mentioned_dependency_or_related
063,264,mentioned_dependency_or_related
063,379,mentioned_dependency_or_related
064,019,mentioned_dependency_or_related
064,020,mentioned_dependency_or_related
064,050,mentioned_dependency_or_related
064,051,mentioned_dependency_or_related
064,052,mentioned_dependency_or_related
064,058,mentioned_dependency_or_related
064,060,mentioned_dependency_or_related
064,061,mentioned_dependency_or_related
064,062,mentioned_dependency_or_related
064,063,mentioned_dependency_or_related
064,067,mentioned_dependency_or_related
064,073,mentioned_dependency_or_related
064,074,mentioned_dependency_or_related
064,232,mentioned_dependency_or_related
064,351,mentioned_dependency_or_related
064,399,mentioned_dependency_or_related
065,015,mentioned_dependency_or_related
065,019,mentioned_dependency_or_related
065,064,mentioned_dependency_or_related
065,075,mentioned_dependency_or_related
065,076,mentioned_dependency_or_related
065,082,mentioned_dependency_or_related
065,083,mentioned_dependency_or_related
065,103,mentioned_dependency_or_related
065,104,mentioned_dependency_or_related
065,232,mentioned_dependency_or_related
065,351,mentioned_dependency_or_related
066,062,mentioned_dependency_or_related
066,063,mentioned_dependency_or_related
066,067,mentioned_dependency_or_related
066,188,mentioned_dependency_or_related
066,199,mentioned_dependency_or_related
066,203,mentioned_dependency_or_related
066,232,mentioned_dependency_or_related
066,246,mentioned_dependency_or_related
066,351,mentioned_dependency_or_related
066,354,mentioned_dependency_or_related
067,062,mentioned_dependency_or_related
067,066,mentioned_dependency_or_related
067,068,mentioned_dependency_or_related
067,069,mentioned_dependency_or_related
067,232,mentioned_dependency_or_related
067,246,mentioned_dependency_or_related
067,351,mentioned_dependency_or_related
067,354,mentioned_dependency_or_related
068,063,mentioned_dependency_or_related
068,069,mentioned_dependency_or_related
068,107,mentioned_dependency_or_related
068,113,mentioned_dependency_or_related
068,198,mentioned_dependency_or_related
068,203,mentioned_dependency_or_related
068,232,mentioned_dependency_or_related
068,246,mentioned_dependency_or_related
068,264,mentioned_dependency_or_related
068,379,mentioned_dependency_or_related
069,019,mentioned_dependency_or_related
069,020,mentioned_dependency_or_related
069,033,mentioned_dependency_or_related
069,045,mentioned_dependency_or_related
069,050,mentioned_dependency_or_related
069,052,mentioned_dependency_or_related
069,059,mentioned_dependency_or_related
069,060,mentioned_dependency_or_related
069,062,mentioned_dependency_or_related
069,068,mentioned_dependency_or_related
069,070,mentioned_dependency_or_related
069,115,mentioned_dependency_or_related
069,231,mentioned_dependency_or_related
069,252,mentioned_dependency_or_related
069,378,mentioned_dependency_or_related
069,380,mentioned_dependency_or_related
069,406,mentioned_dependency_or_related
070,059,mentioned_dependency_or_related
070,069,mentioned_dependency_or_related
070,198,mentioned_dependency_or_related
070,218,mentioned_dependency_or_related
070,278,mentioned_dependency_or_related
070,284,mentioned_dependency_or_related
070,327,mentioned_dependency_or_related
070,330,mentioned_dependency_or_related
070,355,mentioned_dependency_or_related
070,379,mentioned_dependency_or_related
071,039,mentioned_dependency_or_related
071,040,mentioned_dependency_or_related
071,042,mentioned_dependency_or_related
071,043,mentioned_dependency_or_related
071,071,mentioned_dependency_or_related
071,284,mentioned_dependency_or_related
071,305,mentioned_dependency_or_related
071,318,mentioned_dependency_or_related
071,322,mentioned_dependency_or_related
071,327,mentioned_dependency_or_related
071,330,mentioned_dependency_or_related
072,020,mentioned_dependency_or_related
072,040,mentioned_dependency_or_related
072,056,mentioned_dependency_or_related
072,057,mentioned_dependency_or_related
072,061,mentioned_dependency_or_related
072,069,mentioned_dependency_or_related
072,073,mentioned_dependency_or_related
072,172,mentioned_dependency_or_related
072,173,mentioned_dependency_or_related
072,254,mentioned_dependency_or_related
072,323,mentioned_dependency_or_related
073,020,mentioned_dependency_or_related
073,050,mentioned_dependency_or_related
073,059,mentioned_dependency_or_related
073,069,mentioned_dependency_or_related
073,072,mentioned_dependency_or_related
073,074,mentioned_dependency_or_related
073,132,mentioned_dependency_or_related
073,252,mentioned_dependency_or_related
073,322,mentioned_dependency_or_related
074,058,mentioned_dependency_or_related
074,073,mentioned_dependency_or_related
074,074,mentioned_dependency_or_related
074,090,mentioned_dependency_or_related
074,091,mentioned_dependency_or_related
074,132,mentioned_dependency_or_related
074,182,mentioned_dependency_or_related
074,252,mentioned_dependency_or_related
074,355,mentioned_dependency_or_related
075,014,mentioned_dependency_or_related
075,015,mentioned_dependency_or_related
075,053,mentioned_dependency_or_related
075,075,mentioned_dependency_or_related
075,076,mentioned_dependency_or_related
075,079,mentioned_dependency_or_related
075,083,mentioned_dependency_or_related
075,247,mentioned_dependency_or_related
075,249,mentioned_dependency_or_related
076,075,mentioned_dependency_or_related
076,077,mentioned_dependency_or_related
076,082,mentioned_dependency_or_related
076,083,mentioned_dependency_or_related
076,088,mentioned_dependency_or_related
076,089,mentioned_dependency_or_related
076,103,mentioned_dependency_or_related
076,249,mentioned_dependency_or_related
077,014,mentioned_dependency_or_related
077,015,mentioned_dependency_or_related
077,075,mentioned_dependency_or_related
077,076,mentioned_dependency_or_related
077,078,mentioned_dependency_or_related
077,079,mentioned_dependency_or_related
077,080,mentioned_dependency_or_related
077,249,mentioned_dependency_or_related
078,004,mentioned_dependency_or_related
078,014,mentioned_dependency_or_related
078,015,mentioned_dependency_or_related
078,027,mentioned_dependency_or_related
078,029,mentioned_dependency_or_related
078,077,mentioned_dependency_or_related
078,079,mentioned_dependency_or_related
078,311,mentioned_dependency_or_related
078,334,mentioned_dependency_or_related
079,003,mentioned_dependency_or_related
079,006,mentioned_dependency_or_related
079,014,mentioned_dependency_or_related
079,015,mentioned_dependency_or_related
079,077,mentioned_dependency_or_related
079,078,mentioned_dependency_or_related
079,080,mentioned_dependency_or_related
079,369,mentioned_dependency_or_related
079,373,mentioned_dependency_or_related
080,004,mentioned_dependency_or_related
080,015,mentioned_dependency_or_related
080,075,mentioned_dependency_or_related
080,077,mentioned_dependency_or_related
080,079,mentioned_dependency_or_related
080,103,mentioned_dependency_or_related
080,247,mentioned_dependency_or_related
080,249,mentioned_dependency_or_related
081,075,mentioned_dependency_or_related
081,076,mentioned_dependency_or_related
081,077,mentioned_dependency_or_related
081,082,mentioned_dependency_or_related
081,083,mentioned_dependency_or_related
081,097,mentioned_dependency_or_related
081,103,mentioned_dependency_or_related
081,104,mentioned_dependency_or_related
082,075,mentioned_dependency_or_related
082,076,mentioned_dependency_or_related
082,081,mentioned_dependency_or_related
082,083,mentioned_dependency_or_related
082,097,mentioned_dependency_or_related
082,103,mentioned_dependency_or_related
082,104,mentioned_dependency_or_related
082,249,mentioned_dependency_or_related
083,076,mentioned_dependency_or_related
083,082,mentioned_dependency_or_related
083,084,mentioned_dependency_or_related
083,097,mentioned_dependency_or_related
083,103,mentioned_dependency_or_related
083,104,mentioned_dependency_or_related
083,118,mentioned_dependency_or_related
083,247,mentioned_dependency_or_related
084,083,mentioned_dependency_or_related
084,085,mentioned_dependency_or_related
084,086,mentioned_dependency_or_related
084,097,mentioned_dependency_or_related
084,101,mentioned_dependency_or_related
084,103,mentioned_dependency_or_related
084,104,mentioned_dependency_or_related
084,118,mentioned_dependency_or_related
085,084,mentioned_dependency_or_related
085,097,mentioned_dependency_or_related
085,101,mentioned_dependency_or_related
085,103,mentioned_dependency_or_related
085,223,mentioned_dependency_or_related
085,224,mentioned_dependency_or_related
085,247,mentioned_dependency_or_related
086,075,mentioned_dependency_or_related
086,076,mentioned_dependency_or_related
086,083,mentioned_dependency_or_related
086,084,mentioned_dependency_or_related
086,103,mentioned_dependency_or_related
086,247,mentioned_dependency_or_related
086,323,mentioned_dependency_or_related
087,075,mentioned_dependency_or_related
087,076,mentioned_dependency_or_related
087,088,mentioned_dependency_or_related
087,089,mentioned_dependency_or_related
087,101,mentioned_dependency_or_related
087,103,mentioned_dependency_or_related
087,142,mentioned_dependency_or_related
087,247,mentioned_dependency_or_related
088,075,mentioned_dependency_or_related
088,087,mentioned_dependency_or_related
088,089,mentioned_dependency_or_related
088,101,mentioned_dependency_or_related
088,103,mentioned_dependency_or_related
088,173,mentioned_dependency_or_related
088,186,mentioned_dependency_or_related
088,247,mentioned_dependency_or_related
089,075,mentioned_dependency_or_related
089,088,mentioned_dependency_or_related
089,097,mentioned_dependency_or_related
089,178,mentioned_dependency_or_related
089,182,mentioned_dependency_or_related
089,186,mentioned_dependency_or_related
089,188,mentioned_dependency_or_related
089,249,mentioned_dependency_or_related
090,074,mentioned_dependency_or_related
090,075,mentioned_dependency_or_related
090,090,mentioned_dependency_or_related
090,091,mentioned_dependency_or_related
090,092,mentioned_dependency_or_related
090,093,mentioned_dependency_or_related
090,103,mentioned_dependency_or_related
090,247,mentioned_dependency_or_related
091,090,mentioned_dependency_or_related
091,092,mentioned_dependency_or_related
091,093,mentioned_dependency_or_related
091,103,mentioned_dependency_or_related
091,182,mentioned_dependency_or_related
091,218,mentioned_dependency_or_related
091,247,mentioned_dependency_or_related
091,252,mentioned_dependency_or_related
092,090,mentioned_dependency_or_related
092,091,mentioned_dependency_or_related
092,093,mentioned_dependency_or_related
092,094,mentioned_dependency_or_related
092,103,mentioned_dependency_or_related
092,182,mentioned_dependency_or_related
092,218,mentioned_dependency_or_related
092,252,mentioned_dependency_or_related
093,090,mentioned_dependency_or_related
093,092,mentioned_dependency_or_related
093,094,mentioned_dependency_or_related
093,103,mentioned_dependency_or_related
093,182,mentioned_dependency_or_related
093,218,mentioned_dependency_or_related
093,247,mentioned_dependency_or_related
093,252,mentioned_dependency_or_related
094,075,mentioned_dependency_or_related
094,094,mentioned_dependency_or_related
094,095,mentioned_dependency_or_related
094,096,mentioned_dependency_or_related
094,138,mentioned_dependency_or_related
094,216,mentioned_dependency_or_related
094,247,mentioned_dependency_or_related
094,358,mentioned_dependency_or_related
095,090,mentioned_dependency_or_related
095,094,mentioned_dependency_or_related
095,096,mentioned_dependency_or_related
095,103,mentioned_dependency_or_related
095,138,mentioned_dependency_or_related
095,239,mentioned_dependency_or_related
095,247,mentioned_dependency_or_related
096,094,mentioned_dependency_or_related
096,095,mentioned_dependency_or_related
096,096,mentioned_dependency_or_related
096,097,mentioned_dependency_or_related
096,101,mentioned_dependency_or_related
096,103,mentioned_dependency_or_related
096,223,mentioned_dependency_or_related
096,249,mentioned_dependency_or_related
097,030,mentioned_dependency_or_related
097,097,mentioned_dependency_or_related
097,098,mentioned_dependency_or_related
097,099,mentioned_dependency_or_related
097,100,mentioned_dependency_or_related
097,101,mentioned_dependency_or_related
097,103,mentioned_dependency_or_related
097,249,mentioned_dependency_or_related
098,030,mentioned_dependency_or_related
098,054,mentioned_dependency_or_related
098,097,mentioned_dependency_or_related
098,099,mentioned_dependency_or_related
098,100,mentioned_dependency_or_related
098,101,mentioned_dependency_or_related
098,225,mentioned_dependency_or_related
098,342,mentioned_dependency_or_related
099,019,mentioned_dependency_or_related
099,030,mentioned_dependency_or_related
099,097,mentioned_dependency_or_related
099,101,mentioned_dependency_or_related
099,225,mentioned_dependency_or_related
099,283,mentioned_dependency_or_related
099,333,mentioned_dependency_or_related
099,341,mentioned_dependency_or_related
100,004,mentioned_dependency_or_related
100,097,mentioned_dependency_or_related
100,098,mentioned_dependency_or_related
100,101,mentioned_dependency_or_related
100,103,mentioned_dependency_or_related
100,219,mentioned_dependency_or_related
100,222,mentioned_dependency_or_related
100,249,mentioned_dependency_or_related
101,097,mentioned_dependency_or_related
101,099,mentioned_dependency_or_related
101,101,mentioned_dependency_or_related
101,102,mentioned_dependency_or_related
101,103,mentioned_dependency_or_related
101,248,mentioned_dependency_or_related
101,250,mentioned_dependency_or_related
102,030,mentioned_dependency_or_related
102,031,mentioned_dependency_or_related
102,042,mentioned_dependency_or_related
102,097,mentioned_dependency_or_related
102,101,mentioned_dependency_or_related
102,103,mentioned_dependency_or_related
102,248,mentioned_dependency_or_related
102,250,mentioned_dependency_or_related
103,053,mentioned_dependency_or_related
103,075,mentioned_dependency_or_related
103,076,mentioned_dependency_or_related
103,083,mentioned_dependency_or_related
103,097,mentioned_dependency_or_related
103,247,mentioned_dependency_or_related
103,248,mentioned_dependency_or_related
103,249,mentioned_dependency_or_related
104,081,mentioned_dependency_or_related
104,083,mentioned_dependency_or_related
104,084,mentioned_dependency_or_related
104,097,mentioned_dependency_or_related
104,103,mentioned_dependency_or_related
104,118,mentioned_dependency_or_related
104,258,mentioned_dependency_or_related
104,296,mentioned_dependency_or_related
105,001,mentioned_dependency_or_related
105,015,mentioned_dependency_or_related
105,016,mentioned_dependency_or_related
105,017,mentioned_dependency_or_related
105,018,mentioned_dependency_or_related
105,019,mentioned_dependency_or_related
105,020,mentioned_dependency_or_related
105,021,mentioned_dependency_or_related
105,104,mentioned_dependency_or_related
105,231,mentioned_dependency_or_related
105,247,mentioned_dependency_or_related
105,249,mentioned_dependency_or_related
105,253,mentioned_dependency_or_related
105,254,mentioned_dependency_or_related
105,257,mentioned_dependency_or_related
105,369,mentioned_dependency_or_related
105,372,mentioned_dependency_or_related
105,402,mentioned_dependency_or_related
105,406,mentioned_dependency_or_related
106,001,mentioned_dependency_or_related
106,014,mentioned_dependency_or_related
106,015,mentioned_dependency_or_related
106,016,mentioned_dependency_or_related
106,017,mentioned_dependency_or_related
106,018,mentioned_dependency_or_related
106,019,mentioned_dependency_or_related
106,020,mentioned_dependency_or_related
106,021,mentioned_dependency_or_related
106,104,mentioned_dependency_or_related
106,106,mentioned_dependency_or_related
106,231,mentioned_dependency_or_related
106,247,mentioned_dependency_or_related
106,249,mentioned_dependency_or_related
106,251,mentioned_dependency_or_related
106,252,mentioned_dependency_or_related
106,253,mentioned_dependency_or_related
106,257,mentioned_dependency_or_related
106,331,mentioned_dependency_or_related
106,334,mentioned_dependency_or_related
106,369,mentioned_dependency_or_related
106,372,mentioned_dependency_or_related
106,402,mentioned_dependency_or_related
106,406,mentioned_dependency_or_related
107,019,mentioned_dependency_or_related
107,020,mentioned_dependency_or_related
107,027,mentioned_dependency_or_related
107,028,mentioned_dependency_or_related
107,029,mentioned_dependency_or_related
107,033,mentioned_dependency_or_related
107,044,mentioned_dependency_or_related
107,045,mentioned_dependency_or_related
107,053,mentioned_dependency_or_related
107,231,mentioned_dependency_or_related
107,270,mentioned_dependency_or_related
107,301,mentioned_dependency_or_related
107,406,mentioned_dependency_or_related
108,019,mentioned_dependency_or_related
108,020,mentioned_dependency_or_related
108,028,mentioned_dependency_or_related
108,031,mentioned_dependency_or_related
108,033,mentioned_dependency_or_related
108,056,mentioned_dependency_or_related
108,109,mentioned_dependency_or_related
108,111,mentioned_dependency_or_related
108,132,mentioned_dependency_or_related
108,135,mentioned_dependency_or_related
108,180,mentioned_dependency_or_related
109,019,mentioned_dependency_or_related
109,028,mentioned_dependency_or_related
109,031,mentioned_dependency_or_related
109,056,mentioned_dependency_or_related
109,057,mentioned_dependency_or_related
109,108,mentioned_dependency_or_related
109,132,mentioned_dependency_or_related
109,135,mentioned_dependency_or_related
109,167,mentioned_dependency_or_related
109,180,mentioned_dependency_or_related
109,208,mentioned_dependency_or_related
109,239,mentioned_dependency_or_related
109,245,mentioned_dependency_or_related
110,019,mentioned_dependency_or_related
110,020,mentioned_dependency_or_related
110,033,mentioned_dependency_or_related
110,044,mentioned_dependency_or_related
110,045,mentioned_dependency_or_related
110,108,mentioned_dependency_or_related
110,109,mentioned_dependency_or_related
110,111,mentioned_dependency_or_related
110,112,mentioned_dependency_or_related
110,260,mentioned_dependency_or_related
110,261,mentioned_dependency_or_related
110,388,mentioned_dependency_or_related
110,389,mentioned_dependency_or_related
111,019,mentioned_dependency_or_related
111,033,mentioned_dependency_or_related
111,044,mentioned_dependency_or_related
111,045,mentioned_dependency_or_related
111,108,mentioned_dependency_or_related
111,110,mentioned_dependency_or_related
111,264,mentioned_dependency_or_related
111,268,mentioned_dependency_or_related
111,388,mentioned_dependency_or_related
111,389,mentioned_dependency_or_related
112,033,mentioned_dependency_or_related
112,044,mentioned_dependency_or_related
112,045,mentioned_dependency_or_related
112,051,mentioned_dependency_or_related
112,052,mentioned_dependency_or_related
112,112,mentioned_dependency_or_related
112,130,mentioned_dependency_or_related
112,134,mentioned_dependency_or_related
112,301,mentioned_dependency_or_related
112,330,mentioned_dependency_or_related
113,020,mentioned_dependency_or_related
113,035,mentioned_dependency_or_related
113,044,mentioned_dependency_or_related
113,045,mentioned_dependency_or_related
113,113,mentioned_dependency_or_related
113,115,mentioned_dependency_or_related
113,258,mentioned_dependency_or_related
113,299,mentioned_dependency_or_related
113,327,mentioned_dependency_or_related
113,330,mentioned_dependency_or_related
114,020,mentioned_dependency_or_related
114,035,mentioned_dependency_or_related
114,045,mentioned_dependency_or_related
114,051,mentioned_dependency_or_related
114,108,mentioned_dependency_or_related
114,113,mentioned_dependency_or_related
114,115,mentioned_dependency_or_related
114,246,mentioned_dependency_or_related
114,327,mentioned_dependency_or_related
114,330,mentioned_dependency_or_related
115,060,mentioned_dependency_or_related
115,062,mentioned_dependency_or_related
115,068,mentioned_dependency_or_related
115,070,mentioned_dependency_or_related
115,113,mentioned_dependency_or_related
115,114,mentioned_dependency_or_related
115,198,mentioned_dependency_or_related
115,232,mentioned_dependency_or_related
115,355,mentioned_dependency_or_related
116,041,mentioned_dependency_or_related
116,044,mentioned_dependency_or_related
116,045,mentioned_dependency_or_related
116,046,mentioned_dependency_or_related
116,128,mentioned_dependency_or_related
116,131,mentioned_dependency_or_related
116,266,mentioned_dependency_or_related
116,270,mentioned_dependency_or_related
116,319,mentioned_dependency_or_related
116,330,mentioned_dependency_or_related
117,019,mentioned_dependency_or_related
117,032,mentioned_dependency_or_related
117,033,mentioned_dependency_or_related
117,053,mentioned_dependency_or_related
117,117,mentioned_dependency_or_related
117,129,mentioned_dependency_or_related
117,231,mentioned_dependency_or_related
117,270,mentioned_dependency_or_related
117,301,mentioned_dependency_or_related
117,406,mentioned_dependency_or_related
118,075,mentioned_dependency_or_related
118,103,mentioned_dependency_or_related
118,106,mentioned_dependency_or_related
118,117,mentioned_dependency_or_related
118,121,mentioned_dependency_or_related
118,128,mentioned_dependency_or_related
118,247,mentioned_dependency_or_related
118,250,mentioned_dependency_or_related
118,314,mentioned_dependency_or_related
118,318,mentioned_dependency_or_related
119,031,mentioned_dependency_or_related
119,042,mentioned_dependency_or_related
119,045,mentioned_dependency_or_related
119,047,mentioned_dependency_or_related
119,117,mentioned_dependency_or_related
119,119,mentioned_dependency_or_related
119,131,mentioned_dependency_or_related
119,151,mentioned_dependency_or_related
119,161,mentioned_dependency_or_related
119,301,mentioned_dependency_or_related
119,330,mentioned_dependency_or_related
120,019,mentioned_dependency_or_related
120,053,mentioned_dependency_or_related
120,117,mentioned_dependency_or_related
120,119,mentioned_dependency_or_related
120,128,mentioned_dependency_or_related
120,131,mentioned_dependency_or_related
120,231,mentioned_dependency_or_related
120,270,mentioned_dependency_or_related
120,301,mentioned_dependency_or_related
120,406,mentioned_dependency_or_related
121,042,mentioned_dependency_or_related
121,045,mentioned_dependency_or_related
121,047,mentioned_dependency_or_related
121,103,mentioned_dependency_or_related
121,118,mentioned_dependency_or_related
121,120,mentioned_dependency_or_related
121,247,mentioned_dependency_or_related
121,299,mentioned_dependency_or_related
121,300,mentioned_dependency_or_related
121,314,mentioned_dependency_or_related
121,318,mentioned_dependency_or_related
122,045,mentioned_dependency_or_related
122,047,mentioned_dependency_or_related
122,053,mentioned_dependency_or_related
122,122,mentioned_dependency_or_related
122,125,mentioned_dependency_or_related
122,247,mentioned_dependency_or_related
122,248,mentioned_dependency_or_related
122,293,mentioned_dependency_or_related
122,378,mentioned_dependency_or_related
122,381,mentioned_dependency_or_related
123,118,mentioned_dependency_or_related
123,119,mentioned_dependency_or_related
123,121,mentioned_dependency_or_related
123,124,mentioned_dependency_or_related
123,125,mentioned_dependency_or_related
123,197,mentioned_dependency_or_related
123,247,mentioned_dependency_or_related
123,248,mentioned_dependency_or_related
123,378,mentioned_dependency_or_related
123,388,mentioned_dependency_or_related
124,118,mentioned_dependency_or_related
124,121,mentioned_dependency_or_related
124,123,mentioned_dependency_or_related
124,125,mentioned_dependency_or_related
124,126,mentioned_dependency_or_related
124,248,mentioned_dependency_or_related
124,264,mentioned_dependency_or_related
124,287,mentioned_dependency_or_related
124,296,mentioned_dependency_or_related
125,123,mentioned_dependency_or_related
125,124,mentioned_dependency_or_related
125,197,mentioned_dependency_or_related
125,203,mentioned_dependency_or_related
125,204,mentioned_dependency_or_related
125,247,mentioned_dependency_or_related
125,264,mentioned_dependency_or_related
125,287,mentioned_dependency_or_related
125,378,mentioned_dependency_or_related
126,042,mentioned_dependency_or_related
126,053,mentioned_dependency_or_related
126,118,mentioned_dependency_or_related
126,121,mentioned_dependency_or_related
126,127,mentioned_dependency_or_related
126,128,mentioned_dependency_or_related
126,190,mentioned_dependency_or_related
126,247,mentioned_dependency_or_related
126,248,mentioned_dependency_or_related
126,300,mentioned_dependency_or_related
127,126,mentioned_dependency_or_related
127,128,mentioned_dependency_or_related
127,190,mentioned_dependency_or_related
127,194,mentioned_dependency_or_related
127,203,mentioned_dependency_or_related
127,248,mentioned_dependency_or_related
127,260,mentioned_dependency_or_related
127,287,mentioned_dependency_or_related
127,389,mentioned_dependency_or_related
128,019,mentioned_dependency_or_related
128,041,mentioned_dependency_or_related
128,042,mentioned_dependency_or_related
128,045,mentioned_dependency_or_related
128,128,mentioned_dependency_or_related
128,129,mentioned_dependency_or_related
128,200,mentioned_dependency_or_related
128,234,mentioned_dependency_or_related
128,389,mentioned_dependency_or_related
129,041,mentioned_dependency_or_related
129,042,mentioned_dependency_or_related
129,043,mentioned_dependency_or_related
129,128,mentioned_dependency_or_related
129,130,mentioned_dependency_or_related
129,157,mentioned_dependency_or_related
129,234,mentioned_dependency_or_related
129,382,mentioned_dependency_or_related
130,038,mentioned_dependency_or_related
130,041,mentioned_dependency_or_related
130,042,mentioned_dependency_or_related
130,130,mentioned_dependency_or_related
130,131,mentioned_dependency_or_related
130,243,mentioned_dependency_or_related
130,301,mentioned_dependency_or_related
130,389,mentioned_dependency_or_related
131,038,mentioned_dependency_or_related
131,043,mentioned_dependency_or_related
131,130,mentioned_dependency_or_related
131,131,mentioned_dependency_or_related
131,243,mentioned_dependency_or_related
131,244,mentioned_dependency_or_related
131,316,mentioned_dependency_or_related
131,330,mentioned_dependency_or_related
132,044,mentioned_dependency_or_related
132,059,mentioned_dependency_or_related
132,073,mentioned_dependency_or_related
132,132,mentioned_dependency_or_related
132,239,mentioned_dependency_or_related
132,252,mentioned_dependency_or_related
132,323,mentioned_dependency_or_related
132,324,mentioned_dependency_or_related
133,133,mentioned_dependency_or_related
133,134,mentioned_dependency_or_related
133,135,mentioned_dependency_or_related
133,161,mentioned_dependency_or_related
133,239,mentioned_dependency_or_related
133,242,mentioned_dependency_or_related
133,264,mentioned_dependency_or_related
133,321,mentioned_dependency_or_related
134,109,mentioned_dependency_or_related
134,112,mentioned_dependency_or_related
134,131,mentioned_dependency_or_related
134,133,mentioned_dependency_or_related
134,239,mentioned_dependency_or_related
134,242,mentioned_dependency_or_related
134,243,mentioned_dependency_or_related
134,264,mentioned_dependency_or_related
135,001,mentioned_dependency_or_related
135,016,mentioned_dependency_or_related
135,109,mentioned_dependency_or_related
135,133,mentioned_dependency_or_related
135,135,mentioned_dependency_or_related
135,136,mentioned_dependency_or_related
135,163,mentioned_dependency_or_related
135,165,mentioned_dependency_or_related
135,393,mentioned_dependency_or_related
136,094,mentioned_dependency_or_related
136,135,mentioned_dependency_or_related
136,136,mentioned_dependency_or_related
136,137,mentioned_dependency_or_related
136,239,mentioned_dependency_or_related
136,253,mentioned_dependency_or_related
136,256,mentioned_dependency_or_related
136,257,mentioned_dependency_or_related
137,070,mentioned_dependency_or_related
137,073,mentioned_dependency_or_related
137,135,mentioned_dependency_or_related
137,136,mentioned_dependency_or_related
137,137,mentioned_dependency_or_related
137,198,mentioned_dependency_or_related
137,252,mentioned_dependency_or_related
137,355,mentioned_dependency_or_related
138,094,mentioned_dependency_or_related
138,105,mentioned_dependency_or_related
138,138,mentioned_dependency_or_related
138,139,mentioned_dependency_or_related
138,142,mentioned_dependency_or_related
138,197,mentioned_dependency_or_related
138,217,mentioned_dependency_or_related
138,239,mentioned_dependency_or_related
138,249,mentioned_dependency_or_related
139,083,mentioned_dependency_or_related
139,084,mentioned_dependency_or_related
139,094,mentioned_dependency_or_related
139,138,mentioned_dependency_or_related
139,139,mentioned_dependency_or_related
139,140,mentioned_dependency_or_related
139,247,mentioned_dependency_or_related
139,292,mentioned_dependency_or_related
140,126,mentioned_dependency_or_related
140,138,mentioned_dependency_or_related
140,139,mentioned_dependency_or_related
140,239,mentioned_dependency_or_related
140,247,mentioned_dependency_or_related
140,248,mentioned_dependency_or_related
140,264,mentioned_dependency_or_related
140,300,mentioned_dependency_or_related
141,082,mentioned_dependency_or_related
141,083,mentioned_dependency_or_related
141,086,mentioned_dependency_or_related
141,138,mentioned_dependency_or_related
141,139,mentioned_dependency_or_related
141,239,mentioned_dependency_or_related
141,247,mentioned_dependency_or_related
141,249,mentioned_dependency_or_related
142,087,mentioned_dependency_or_related
142,088,mentioned_dependency_or_related
142,138,mentioned_dependency_or_related
142,142,mentioned_dependency_or_related
142,143,mentioned_dependency_or_related
142,247,mentioned_dependency_or_related
142,250,mentioned_dependency_or_related
142,395,mentioned_dependency_or_related
143,142,mentioned_dependency_or_related
143,143,mentioned_dependency_or_related
143,144,mentioned_dependency_or_related
143,145,mentioned_dependency_or_related
143,146,mentioned_dependency_or_related
143,218,mentioned_dependency_or_related
143,247,mentioned_dependency_or_related
143,392,mentioned_dependency_or_related
144,054,mentioned_dependency_or_related
144,097,mentioned_dependency_or_related
144,143,mentioned_dependency_or_related
144,144,mentioned_dependency_or_related
144,145,mentioned_dependency_or_related
144,146,mentioned_dependency_or_related
144,262,mentioned_dependency_or_related
144,393,mentioned_dependency_or_related
145,043,mentioned_dependency_or_related
145,143,mentioned_dependency_or_related
145,144,mentioned_dependency_or_related
145,145,mentioned_dependency_or_related
145,195,mentioned_dependency_or_related
145,239,mentioned_dependency_or_related
145,300,mentioned_dependency_or_related
145,322,mentioned_dependency_or_related
146,030,mentioned_dependency_or_related
146,055,mentioned_dependency_or_related
146,146,mentioned_dependency_or_related
146,147,mentioned_dependency_or_related
146,171,mentioned_dependency_or_related
146,218,mentioned_dependency_or_related
146,246,mentioned_dependency_or_related
146,391,mentioned_dependency_or_related
147,146,mentioned_dependency_or_related
147,147,mentioned_dependency_or_related
147,168,mentioned_dependency_or_related
147,180,mentioned_dependency_or_related
147,182,mentioned_dependency_or_related
147,188,mentioned_dependency_or_related
147,218,mentioned_dependency_or_related
147,249,mentioned_dependency_or_related
148,016,mentioned_dependency_or_related
148,030,mentioned_dependency_or_related
148,148,mentioned_dependency_or_related
148,157,mentioned_dependency_or_related
148,163,mentioned_dependency_or_related
148,218,mentioned_dependency_or_related
148,247,mentioned_dependency_or_related
148,391,mentioned_dependency_or_related
149,149,mentioned_dependency_or_related
149,150,mentioned_dependency_or_related
149,203,mentioned_dependency_or_related
149,204,mentioned_dependency_or_related
149,218,mentioned_dependency_or_related
149,246,mentioned_dependency_or_related
149,258,mentioned_dependency_or_related
149,289,mentioned_dependency_or_related
150,048,mentioned_dependency_or_related
150,149,mentioned_dependency_or_related
150,150,mentioned_dependency_or_related
150,203,mentioned_dependency_or_related
150,204,mentioned_dependency_or_related
150,246,mentioned_dependency_or_related
150,251,mentioned_dependency_or_related
150,258,mentioned_dependency_or_related
150,289,mentioned_dependency_or_related
151,019,mentioned_dependency_or_related
151,020,mentioned_dependency_or_related
151,030,mentioned_dependency_or_related
151,031,mentioned_dependency_or_related
151,032,mentioned_dependency_or_related
151,203,mentioned_dependency_or_related
151,285,mentioned_dependency_or_related
151,307,mentioned_dependency_or_related
151,328,mentioned_dependency_or_related
151,329,mentioned_dependency_or_related
151,382,mentioned_dependency_or_related
151,391,mentioned_dependency_or_related
151,395,mentioned_dependency_or_related
152,030,mentioned_dependency_or_related
152,031,mentioned_dependency_or_related
152,032,mentioned_dependency_or_related
152,193,mentioned_dependency_or_related
152,194,mentioned_dependency_or_related
152,275,mentioned_dependency_or_related
152,277,mentioned_dependency_or_related
152,286,mentioned_dependency_or_related
152,328,mentioned_dependency_or_related
152,330,mentioned_dependency_or_related
152,391,mentioned_dependency_or_related
152,401,mentioned_dependency_or_related
153,030,mentioned_dependency_or_related
153,031,mentioned_dependency_or_related
153,041,mentioned_dependency_or_related
153,043,mentioned_dependency_or_related
153,151,mentioned_dependency_or_related
153,154,mentioned_dependency_or_related
153,156,mentioned_dependency_or_related
153,157,mentioned_dependency_or_related
153,159,mentioned_dependency_or_related
153,163,mentioned_dependency_or_related
153,307,mentioned_dependency_or_related
154,016,mentioned_dependency_or_related
154,030,mentioned_dependency_or_related
154,031,mentioned_dependency_or_related
154,041,mentioned_dependency_or_related
154,042,mentioned_dependency_or_related
154,151,mentioned_dependency_or_related
154,155,mentioned_dependency_or_related
154,159,mentioned_dependency_or_related
154,175,mentioned_dependency_or_related
154,391,mentioned_dependency_or_related
154,395,mentioned_dependency_or_related
155,016,mentioned_dependency_or_related
155,019,mentioned_dependency_or_related
155,030,mentioned_dependency_or_related
155,031,mentioned_dependency_or_related
155,045,mentioned_dependency_or_related
155,049,mentioned_dependency_or_related
155,155,mentioned_dependency_or_related
155,158,mentioned_dependency_or_related
155,183,mentioned_dependency_or_related
155,391,mentioned_dependency_or_related
155,406,mentioned_dependency_or_related
156,031,mentioned_dependency_or_related
156,153,mentioned_dependency_or_related
156,154,mentioned_dependency_or_related
156,157,mentioned_dependency_or_related
156,158,mentioned_dependency_or_related
156,161,mentioned_dependency_or_related
156,167,mentioned_dependency_or_related
156,254,mentioned_dependency_or_related
156,307,mentioned_dependency_or_related
157,031,mentioned_dependency_or_related
157,041,mentioned_dependency_or_related
157,042,mentioned_dependency_or_related
157,043,mentioned_dependency_or_related
157,153,mentioned_dependency_or_related
157,156,mentioned_dependency_or_related
157,158,mentioned_dependency_or_related
157,307,mentioned_dependency_or_related
158,031,mentioned_dependency_or_related
158,151,mentioned_dependency_or_related
158,157,mentioned_dependency_or_related
158,255,mentioned_dependency_or_related
158,300,mentioned_dependency_or_related
158,382,mentioned_dependency_or_related
158,391,mentioned_dependency_or_related
158,398,mentioned_dependency_or_related
159,031,mentioned_dependency_or_related
159,153,mentioned_dependency_or_related
159,156,mentioned_dependency_or_related
159,160,mentioned_dependency_or_related
159,161,mentioned_dependency_or_related
159,162,mentioned_dependency_or_related
159,163,mentioned_dependency_or_related
159,254,mentioned_dependency_or_related
159,307,mentioned_dependency_or_related
160,031,mentioned_dependency_or_related
160,152,mentioned_dependency_or_related
160,153,mentioned_dependency_or_related
160,155,mentioned_dependency_or_related
160,156,mentioned_dependency_or_related
160,159,mentioned_dependency_or_related
160,160,mentioned_dependency_or_related
160,164,mentioned_dependency_or_related
160,391,mentioned_dependency_or_related
160,395,mentioned_dependency_or_related
161,031,mentioned_dependency_or_related
161,156,mentioned_dependency_or_related
161,159,mentioned_dependency_or_related
161,160,mentioned_dependency_or_related
161,162,mentioned_dependency_or_related
161,163,mentioned_dependency_or_related
161,164,mentioned_dependency_or_related
161,254,mentioned_dependency_or_related
161,307,mentioned_dependency_or_related
162,030,mentioned_dependency_or_related
162,031,mentioned_dependency_or_related
162,156,mentioned_dependency_or_related
162,159,mentioned_dependency_or_related
162,161,mentioned_dependency_or_related
162,163,mentioned_dependency_or_related
162,247,mentioned_dependency_or_related
162,307,mentioned_dependency_or_related
163,019,mentioned_dependency_or_related
163,030,mentioned_dependency_or_related
163,031,mentioned_dependency_or_related
163,155,mentioned_dependency_or_related
163,156,mentioned_dependency_or_related
163,161,mentioned_dependency_or_related
163,162,mentioned_dependency_or_related
163,180,mentioned_dependency_or_related
163,307,mentioned_dependency_or_related
163,313,mentioned_dependency_or_related
164,163,mentioned_dependency_or_related
164,165,mentioned_dependency_or_related
164,167,mentioned_dependency_or_related
164,179,mentioned_dependency_or_related
164,180,mentioned_dependency_or_related
164,183,mentioned_dependency_or_related
164,184,mentioned_dependency_or_related
164,254,mentioned_dependency_or_related
164,307,mentioned_dependency_or_related
165,154,mentioned_dependency_or_related
165,156,mentioned_dependency_or_related
165,163,mentioned_dependency_or_related
165,164,mentioned_dependency_or_related
165,180,mentioned_dependency_or_related
165,239,mentioned_dependency_or_related
165,254,mentioned_dependency_or_related
165,369,mentioned_dependency_or_related
165,370,mentioned_dependency_or_related
166,018,mentioned_dependency_or_related
166,027,mentioned_dependency_or_related
166,029,mentioned_dependency_or_related
166,163,mentioned_dependency_or_related
166,164,mentioned_dependency_or_related
166,165,mentioned_dependency_or_related
166,301,mentioned_dependency_or_related
166,321,mentioned_dependency_or_related
166,323,mentioned_dependency_or_related
166,369,mentioned_dependency_or_related
167,031,mentioned_dependency_or_related
167,164,mentioned_dependency_or_related
167,168,mentioned_dependency_or_related
167,169,mentioned_dependency_or_related
167,179,mentioned_dependency_or_related
167,180,mentioned_dependency_or_related
167,183,mentioned_dependency_or_related
167,184,mentioned_dependency_or_related
167,185,mentioned_dependency_or_related
167,253,mentioned_dependency_or_related
168,167,mentioned_dependency_or_related
168,169,mentioned_dependency_or_related
168,179,mentioned_dependency_or_related
168,180,mentioned_dependency_or_related
168,182,mentioned_dependency_or_related
168,184,mentioned_dependency_or_related
168,185,mentioned_dependency_or_related
168,253,mentioned_dependency_or_related
168,264,mentioned_dependency_or_related
169,056,mentioned_dependency_or_related
169,167,mentioned_dependency_or_related
169,170,mentioned_dependency_or_related
169,178,mentioned_dependency_or_related
169,180,mentioned_dependency_or_related
169,182,mentioned_dependency_or_related
169,183,mentioned_dependency_or_related
169,184,mentioned_dependency_or_related
169,186,mentioned_dependency_or_related
169,188,mentioned_dependency_or_related
170,054,mentioned_dependency_or_related
170,056,mentioned_dependency_or_related
170,089,mentioned_dependency_or_related
170,097,mentioned_dependency_or_related
170,169,mentioned_dependency_or_related
170,171,mentioned_dependency_or_related
170,173,mentioned_dependency_or_related
170,180,mentioned_dependency_or_related
170,182,mentioned_dependency_or_related
170,186,mentioned_dependency_or_related
170,188,mentioned_dependency_or_related
171,089,mentioned_dependency_or_related
171,097,mentioned_dependency_or_related
171,101,mentioned_dependency_or_related
171,102,mentioned_dependency_or_related
171,170,mentioned_dependency_or_related
171,180,mentioned_dependency_or_related
171,182,mentioned_dependency_or_related
171,186,mentioned_dependency_or_related
171,188,mentioned_dependency_or_related
172,058,mentioned_dependency_or_related
172,059,mentioned_dependency_or_related
172,060,mentioned_dependency_or_related
172,072,mentioned_dependency_or_related
172,170,mentioned_dependency_or_related
172,180,mentioned_dependency_or_related
172,182,mentioned_dependency_or_related
172,188,mentioned_dependency_or_related
172,198,mentioned_dependency_or_related
172,252,mentioned_dependency_or_related
173,087,mentioned_dependency_or_related
173,088,mentioned_dependency_or_related
173,089,mentioned_dependency_or_related
173,101,mentioned_dependency_or_related
173,170,mentioned_dependency_or_related
173,173,mentioned_dependency_or_related
173,180,mentioned_dependency_or_related
173,182,mentioned_dependency_or_related
173,188,mentioned_dependency_or_related
174,073,mentioned_dependency_or_related
174,074,mentioned_dependency_or_related
174,136,mentioned_dependency_or_related
174,164,mentioned_dependency_or_related
174,167,mentioned_dependency_or_related
174,180,mentioned_dependency_or_related
174,182,mentioned_dependency_or_related
174,184,mentioned_dependency_or_related
174,188,mentioned_dependency_or_related
175,030,mentioned_dependency_or_related
175,031,mentioned_dependency_or_related
175,055,mentioned_dependency_or_related
175,154,mentioned_dependency_or_related
175,155,mentioned_dependency_or_related
175,156,mentioned_dependency_or_related
175,176,mentioned_dependency_or_related
175,177,mentioned_dependency_or_related
175,180,mentioned_dependency_or_related
175,183,mentioned_dependency_or_related
176,007,mentioned_dependency_or_related
176,016,mentioned_dependency_or_related
176,030,mentioned_dependency_or_related
176,031,mentioned_dependency_or_related
176,055,mentioned_dependency_or_related
176,175,mentioned_dependency_or_related
176,177,mentioned_dependency_or_related
176,342,mentioned_dependency_or_related
177,030,mentioned_dependency_or_related
177,031,mentioned_dependency_or_related
177,042,mentioned_dependency_or_related
177,055,mentioned_dependency_or_related
177,175,mentioned_dependency_or_related
177,176,mentioned_dependency_or_related
177,180,mentioned_dependency_or_related
177,183,mentioned_dependency_or_related
178,048,mentioned_dependency_or_related
178,056,mentioned_dependency_or_related
178,169,mentioned_dependency_or_related
178,170,mentioned_dependency_or_related
178,180,mentioned_dependency_or_related
178,182,mentioned_dependency_or_related
178,183,mentioned_dependency_or_related
178,185,mentioned_dependency_or_related
178,186,mentioned_dependency_or_related
178,188,mentioned_dependency_or_related
179,164,mentioned_dependency_or_related
179,167,mentioned_dependency_or_related
179,168,mentioned_dependency_or_related
179,169,mentioned_dependency_or_related
179,180,mentioned_dependency_or_related
179,181,mentioned_dependency_or_related
179,182,mentioned_dependency_or_related
179,184,mentioned_dependency_or_related
179,253,mentioned_dependency_or_related
180,164,mentioned_dependency_or_related
180,167,mentioned_dependency_or_related
180,170,mentioned_dependency_or_related
180,179,mentioned_dependency_or_related
180,181,mentioned_dependency_or_related
180,182,mentioned_dependency_or_related
180,183,mentioned_dependency_or_related
180,184,mentioned_dependency_or_related
180,185,mentioned_dependency_or_related
180,253,mentioned_dependency_or_related
180,254,mentioned_dependency_or_related
181,004,mentioned_dependency_or_related
181,018,mentioned_dependency_or_related
181,170,mentioned_dependency_or_related
181,179,mentioned_dependency_or_related
181,180,mentioned_dependency_or_related
181,182,mentioned_dependency_or_related
181,183,mentioned_dependency_or_related
181,186,mentioned_dependency_or_related
181,188,mentioned_dependency_or_related
182,018,mentioned_dependency_or_related
182,050,mentioned_dependency_or_related
182,167,mentioned_dependency_or_related
182,170,mentioned_dependency_or_related
182,180,mentioned_dependency_or_related
182,181,mentioned_dependency_or_related
182,182,mentioned_dependency_or_related
182,183,mentioned_dependency_or_related
182,185,mentioned_dependency_or_related
182,188,mentioned_dependency_or_related
182,214,mentioned_dependency_or_related
182,244,mentioned_dependency_or_related
182,252,mentioned_dependency_or_related
182,253,mentioned_dependency_or_related
183,003,mentioned_dependency_or_related
183,004,mentioned_dependency_or_related
183,048,mentioned_dependency_or_related
183,056,mentioned_dependency_or_related
183,180,mentioned_dependency_or_related
183,182,mentioned_dependency_or_related
183,184,mentioned_dependency_or_related
183,185,mentioned_dependency_or_related
183,188,mentioned_dependency_or_related
184,167,mentioned_dependency_or_related
184,179,mentioned_dependency_or_related
184,180,mentioned_dependency_or_related
184,183,mentioned_dependency_or_related
184,185,mentioned_dependency_or_related
184,253,mentioned_dependency_or_related
184,258,mentioned_dependency_or_related
184,266,mentioned_dependency_or_related
184,267,mentioned_dependency_or_related
184,270,mentioned_dependency_or_related
185,029,mentioned_dependency_or_related
185,167,mentioned_dependency_or_related
185,180,mentioned_dependency_or_related
185,182,mentioned_dependency_or_related
185,183,mentioned_dependency_or_related
185,184,mentioned_dependency_or_related
185,188,mentioned_dependency_or_related
185,301,mentioned_dependency_or_related
185,313,mentioned_dependency_or_related
185,318,mentioned_dependency_or_related
186,056,mentioned_dependency_or_related
186,089,mentioned_dependency_or_related
186,169,mentioned_dependency_or_related
186,170,mentioned_dependency_or_related
186,178,mentioned_dependency_or_related
186,180,mentioned_dependency_or_related
186,182,mentioned_dependency_or_related
186,183,mentioned_dependency_or_related
186,188,mentioned_dependency_or_related
187,031,mentioned_dependency_or_related
187,155,mentioned_dependency_or_related
187,156,mentioned_dependency_or_related
187,164,mentioned_dependency_or_related
187,167,mentioned_dependency_or_related
187,179,mentioned_dependency_or_related
187,180,mentioned_dependency_or_related
187,183,mentioned_dependency_or_related
187,188,mentioned_dependency_or_related
187,254,mentioned_dependency_or_related
188,001,mentioned_dependency_or_related
188,006,mentioned_dependency_or_related
188,048,mentioned_dependency_or_related
188,182,mentioned_dependency_or_related
188,183,mentioned_dependency_or_related
188,185,mentioned_dependency_or_related
188,214,mentioned_dependency_or_related
188,332,mentioned_dependency_or_related
189,018,mentioned_dependency_or_related
189,019,mentioned_dependency_or_related
189,020,mentioned_dependency_or_related
189,021,mentioned_dependency_or_related
189,048,mentioned_dependency_or_related
189,050,mentioned_dependency_or_related
189,052,mentioned_dependency_or_related
189,060,mentioned_dependency_or_related
189,190,mentioned_dependency_or_related
189,218,mentioned_dependency_or_related
189,246,mentioned_dependency_or_related
189,270,mentioned_dependency_or_related
189,301,mentioned_dependency_or_related
189,330,mentioned_dependency_or_related
189,405,mentioned_dependency_or_related
189,406,mentioned_dependency_or_related
190,019,mentioned_dependency_or_related
190,030,mentioned_dependency_or_related
190,032,mentioned_dependency_or_related
190,045,mentioned_dependency_or_related
190,046,mentioned_dependency_or_related
190,047,mentioned_dependency_or_related
190,048,mentioned_dependency_or_related
190,107,mentioned_dependency_or_related
190,129,mentioned_dependency_or_related
190,246,mentioned_dependency_or_related
190,255,mentioned_dependency_or_related
190,260,mentioned_dependency_or_related
190,270,mentioned_dependency_or_related
190,301,mentioned_dependency_or_related
190,309,mentioned_dependency_or_related
190,380,mentioned_dependency_or_related
190,381,mentioned_dependency_or_related
190,405,mentioned_dependency_or_related
190,406,mentioned_dependency_or_related
191,005,mentioned_dependency_or_related
191,010,mentioned_dependency_or_related
191,018,mentioned_dependency_or_related
191,020,mentioned_dependency_or_related
191,032,mentioned_dependency_or_related
191,045,mentioned_dependency_or_related
191,050,mentioned_dependency_or_related
191,060,mentioned_dependency_or_related
191,107,mentioned_dependency_or_related
191,150,mentioned_dependency_or_related
191,179,mentioned_dependency_or_related
191,188,mentioned_dependency_or_related
191,190,mentioned_dependency_or_related
191,209,mentioned_dependency_or_related
191,218,mentioned_dependency_or_related
191,246,mentioned_dependency_or_related
191,260,mentioned_dependency_or_related
191,270,mentioned_dependency_or_related
191,287,mentioned_dependency_or_related
191,297,mentioned_dependency_or_related
191,301,mentioned_dependency_or_related
191,406,mentioned_dependency_or_related
192,032,mentioned_dependency_or_related
192,044,mentioned_dependency_or_related
192,045,mentioned_dependency_or_related
192,052,mentioned_dependency_or_related
192,107,mentioned_dependency_or_related
192,150,mentioned_dependency_or_related
192,190,mentioned_dependency_or_related
192,193,mentioned_dependency_or_related
192,206,mentioned_dependency_or_related
192,258,mentioned_dependency_or_related
192,281,mentioned_dependency_or_related
192,301,mentioned_dependency_or_related
192,318,mentioned_dependency_or_related
192,326,mentioned_dependency_or_related
192,330,mentioned_dependency_or_related
193,020,mentioned_dependency_or_related
193,032,mentioned_dependency_or_related
193,035,mentioned_dependency_or_related
193,040,mentioned_dependency_or_related
193,045,mentioned_dependency_or_related
193,051,mentioned_dependency_or_related
193,052,mentioned_dependency_or_related
193,193,mentioned_dependency_or_related
193,206,mentioned_dependency_or_related
193,258,mentioned_dependency_or_related
193,286,mentioned_dependency_or_related
193,301,mentioned_dependency_or_related
193,328,mentioned_dependency_or_related
193,330,mentioned_dependency_or_related
193,398,mentioned_dependency_or_related
193,400,mentioned_dependency_or_related
194,032,mentioned_dependency_or_related
194,036,mentioned_dependency_or_related
194,045,mentioned_dependency_or_related
194,046,mentioned_dependency_or_related
194,048,mentioned_dependency_or_related
194,052,mentioned_dependency_or_related
194,193,mentioned_dependency_or_related
194,195,mentioned_dependency_or_related
194,206,mentioned_dependency_or_related
194,258,mentioned_dependency_or_related
194,276,mentioned_dependency_or_related
194,281,mentioned_dependency_or_related
194,301,mentioned_dependency_or_related
194,304,mentioned_dependency_or_related
194,310,mentioned_dependency_or_related
194,327,mentioned_dependency_or_related
194,330,mentioned_dependency_or_related
194,348,mentioned_dependency_or_related
194,350,mentioned_dependency_or_related
195,039,mentioned_dependency_or_related
195,040,mentioned_dependency_or_related
195,045,mentioned_dependency_or_related
195,046,mentioned_dependency_or_related
195,051,mentioned_dependency_or_related
195,052,mentioned_dependency_or_related
195,193,mentioned_dependency_or_related
195,194,mentioned_dependency_or_related
195,195,mentioned_dependency_or_related
195,206,mentioned_dependency_or_related
195,284,mentioned_dependency_or_related
195,301,mentioned_dependency_or_related
195,305,mentioned_dependency_or_related
195,313,mentioned_dependency_or_related
195,318,mentioned_dependency_or_related
195,326,mentioned_dependency_or_related
195,327,mentioned_dependency_or_related
195,330,mentioned_dependency_or_related
196,032,mentioned_dependency_or_related
196,040,mentioned_dependency_or_related
196,045,mentioned_dependency_or_related
196,046,mentioned_dependency_or_related
196,123,mentioned_dependency_or_related
196,193,mentioned_dependency_or_related
196,195,mentioned_dependency_or_related
196,197,mentioned_dependency_or_related
196,198,mentioned_dependency_or_related
196,206,mentioned_dependency_or_related
196,231,mentioned_dependency_or_related
196,254,mentioned_dependency_or_related
196,258,mentioned_dependency_or_related
196,286,mentioned_dependency_or_related
196,301,mentioned_dependency_or_related
196,318,mentioned_dependency_or_related
196,330,mentioned_dependency_or_related
196,398,mentioned_dependency_or_related
196,400,mentioned_dependency_or_related
197,045,mentioned_dependency_or_related
197,047,mentioned_dependency_or_related
197,123,mentioned_dependency_or_related
197,190,mentioned_dependency_or_related
197,200,mentioned_dependency_or_related
197,218,mentioned_dependency_or_related
197,231,mentioned_dependency_or_related
197,254,mentioned_dependency_or_related
197,301,mentioned_dependency_or_related
197,330,mentioned_dependency_or_related
197,398,mentioned_dependency_or_related
197,400,mentioned_dependency_or_related
198,045,mentioned_dependency_or_related
198,047,mentioned_dependency_or_related
198,050,mentioned_dependency_or_related
198,058,mentioned_dependency_or_related
198,060,mentioned_dependency_or_related
198,190,mentioned_dependency_or_related
198,197,mentioned_dependency_or_related
198,199,mentioned_dependency_or_related
198,203,mentioned_dependency_or_related
198,205,mentioned_dependency_or_related
198,231,mentioned_dependency_or_related
198,254,mentioned_dependency_or_related
198,298,mentioned_dependency_or_related
198,379,mentioned_dependency_or_related
198,398,mentioned_dependency_or_related
198,400,mentioned_dependency_or_related
199,058,mentioned_dependency_or_related
199,059,mentioned_dependency_or_related
199,060,mentioned_dependency_or_related
199,198,mentioned_dependency_or_related
199,203,mentioned_dependency_or_related
199,204,mentioned_dependency_or_related
199,209,mentioned_dependency_or_related
199,231,mentioned_dependency_or_related
199,254,mentioned_dependency_or_related
199,350,mentioned_dependency_or_related
199,357,mentioned_dependency_or_related
199,379,mentioned_dependency_or_related
199,398,mentioned_dependency_or_related
199,400,mentioned_dependency_or_related
200,046,mentioned_dependency_or_related
200,047,mentioned_dependency_or_related
200,201,mentioned_dependency_or_related
200,202,mentioned_dependency_or_related
200,205,mentioned_dependency_or_related
200,206,mentioned_dependency_or_related
200,214,mentioned_dependency_or_related
200,231,mentioned_dependency_or_related
200,254,mentioned_dependency_or_related
200,301,mentioned_dependency_or_related
200,330,mentioned_dependency_or_related
201,046,mentioned_dependency_or_related
201,047,mentioned_dependency_or_related
201,200,mentioned_dependency_or_related
201,202,mentioned_dependency_or_related
201,203,mentioned_dependency_or_related
201,204,mentioned_dependency_or_related
201,206,mentioned_dependency_or_related
201,214,mentioned_dependency_or_related
201,231,mentioned_dependency_or_related
201,254,mentioned_dependency_or_related
202,046,mentioned_dependency_or_related
202,047,mentioned_dependency_or_related
202,200,mentioned_dependency_or_related
202,201,mentioned_dependency_or_related
202,205,mentioned_dependency_or_related
202,206,mentioned_dependency_or_related
202,214,mentioned_dependency_or_related
202,231,mentioned_dependency_or_related
202,254,mentioned_dependency_or_related
203,045,mentioned_dependency_or_related
203,046,mentioned_dependency_or_related
203,200,mentioned_dependency_or_related
203,202,mentioned_dependency_or_related
203,204,mentioned_dependency_or_related
203,205,mentioned_dependency_or_related
203,206,mentioned_dependency_or_related
203,231,mentioned_dependency_or_related
203,254,mentioned_dependency_or_related
203,388,mentioned_dependency_or_related
203,391,mentioned_dependency_or_related
203,395,mentioned_dependency_or_related
204,045,mentioned_dependency_or_related
204,046,mentioned_dependency_or_related
204,198,mentioned_dependency_or_related
204,199,mentioned_dependency_or_related
204,200,mentioned_dependency_or_related
204,203,mentioned_dependency_or_related
204,205,mentioned_dependency_or_related
204,206,mentioned_dependency_or_related
204,391,mentioned_dependency_or_related
204,395,mentioned_dependency_or_related
205,045,mentioned_dependency_or_related
205,047,mentioned_dependency_or_related
205,200,mentioned_dependency_or_related
205,204,mentioned_dependency_or_related
205,206,mentioned_dependency_or_related
205,214,mentioned_dependency_or_related
205,231,mentioned_dependency_or_related
205,254,mentioned_dependency_or_related
205,386,mentioned_dependency_or_related
205,388,mentioned_dependency_or_related
205,391,mentioned_dependency_or_related
205,395,mentioned_dependency_or_related
206,045,mentioned_dependency_or_related
206,047,mentioned_dependency_or_related
206,200,mentioned_dependency_or_related
206,205,mentioned_dependency_or_related
206,207,mentioned_dependency_or_related
206,218,mentioned_dependency_or_related
206,301,mentioned_dependency_or_related
206,330,mentioned_dependency_or_related
206,402,mentioned_dependency_or_related
206,406,mentioned_dependency_or_related
207,018,mentioned_dependency_or_related
207,045,mentioned_dependency_or_related
207,206,mentioned_dependency_or_related
207,208,mentioned_dependency_or_related
207,209,mentioned_dependency_or_related
207,210,mentioned_dependency_or_related
207,212,mentioned_dependency_or_related
207,214,mentioned_dependency_or_related
207,217,mentioned_dependency_or_related
208,018,mentioned_dependency_or_related
208,019,mentioned_dependency_or_related
208,020,mentioned_dependency_or_related
208,047,mentioned_dependency_or_related
208,206,mentioned_dependency_or_related
208,207,mentioned_dependency_or_related
208,209,mentioned_dependency_or_related
208,210,mentioned_dependency_or_related
208,212,mentioned_dependency_or_related
208,214,mentioned_dependency_or_related
208,217,mentioned_dependency_or_related
209,018,mentioned_dependency_or_related
209,045,mentioned_dependency_or_related
209,198,mentioned_dependency_or_related
209,206,mentioned_dependency_or_related
209,207,mentioned_dependency_or_related
209,208,mentioned_dependency_or_related
209,231,mentioned_dependency_or_related
209,254,mentioned_dependency_or_related
209,378,mentioned_dependency_or_related
209,381,mentioned_dependency_or_related
209,386,mentioned_dependency_or_related
209,389,mentioned_dependency_or_related
210,018,mentioned_dependency_or_related
210,045,mentioned_dependency_or_related
210,206,mentioned_dependency_or_related
210,208,mentioned_dependency_or_related
210,209,mentioned_dependency_or_related
210,211,mentioned_dependency_or_related
210,212,mentioned_dependency_or_related
210,231,mentioned_dependency_or_related
210,254,mentioned_dependency_or_related
210,402,mentioned_dependency_or_related
210,404,mentioned_dependency_or_related
211,018,mentioned_dependency_or_related
211,206,mentioned_dependency_or_related
211,207,mentioned_dependency_or_related
211,208,mentioned_dependency_or_related
211,209,mentioned_dependency_or_related
211,210,mentioned_dependency_or_related
211,212,mentioned_dependency_or_related
211,214,mentioned_dependency_or_related
211,402,mentioned_dependency_or_related
211,404,mentioned_dependency_or_related
212,045,mentioned_dependency_or_related
212,206,mentioned_dependency_or_related
212,207,mentioned_dependency_or_related
212,208,mentioned_dependency_or_related
212,209,mentioned_dependency_or_related
212,210,mentioned_dependency_or_related
212,211,mentioned_dependency_or_related
212,214,mentioned_dependency_or_related
212,301,mentioned_dependency_or_related
212,330,mentioned_dependency_or_related
212,402,mentioned_dependency_or_related
212,404,mentioned_dependency_or_related
213,004,mentioned_dependency_or_related
213,018,mentioned_dependency_or_related
213,206,mentioned_dependency_or_related
213,214,mentioned_dependency_or_related
213,219,mentioned_dependency_or_related
213,225,mentioned_dependency_or_related
213,226,mentioned_dependency_or_related
213,231,mentioned_dependency_or_related
213,254,mentioned_dependency_or_related
213,402,mentioned_dependency_or_related
213,404,mentioned_dependency_or_related
214,004,mentioned_dependency_or_related
214,005,mentioned_dependency_or_related
214,018,mentioned_dependency_or_related
214,206,mentioned_dependency_or_related
214,213,mentioned_dependency_or_related
214,215,mentioned_dependency_or_related
214,218,mentioned_dependency_or_related
214,301,mentioned_dependency_or_related
214,330,mentioned_dependency_or_related
214,402,mentioned_dependency_or_related
214,404,mentioned_dependency_or_related
215,047,mentioned_dependency_or_related
215,200,mentioned_dependency_or_related
215,202,mentioned_dependency_or_related
215,206,mentioned_dependency_or_related
215,208,mentioned_dependency_or_related
215,216,mentioned_dependency_or_related
215,217,mentioned_dependency_or_related
215,218,mentioned_dependency_or_related
215,231,mentioned_dependency_or_related
215,254,mentioned_dependency_or_related
216,047,mentioned_dependency_or_related
216,206,mentioned_dependency_or_related
216,215,mentioned_dependency_or_related
216,217,mentioned_dependency_or_related
216,218,mentioned_dependency_or_related
216,219,mentioned_dependency_or_related
216,222,mentioned_dependency_or_related
216,231,mentioned_dependency_or_related
216,254,mentioned_dependency_or_related
217,001,mentioned_dependency_or_related
217,018,mentioned_dependency_or_related
217,047,mentioned_dependency_or_related
217,215,mentioned_dependency_or_related
217,218,mentioned_dependency_or_related
217,219,mentioned_dependency_or_related
217,222,mentioned_dependency_or_related
217,247,mentioned_dependency_or_related
217,301,mentioned_dependency_or_related
217,330,mentioned_dependency_or_related
217,402,mentioned_dependency_or_related
217,404,mentioned_dependency_or_related
218,030,mentioned_dependency_or_related
218,031,mentioned_dependency_or_related
218,047,mentioned_dependency_or_related
218,200,mentioned_dependency_or_related
218,205,mentioned_dependency_or_related
218,219,mentioned_dependency_or_related
218,225,mentioned_dependency_or_related
218,391,mentioned_dependency_or_related
218,395,mentioned_dependency_or_related
219,004,mentioned_dependency_or_related
219,018,mentioned_dependency_or_related
219,047,mentioned_dependency_or_related
219,220,mentioned_dependency_or_related
219,221,mentioned_dependency_or_related
219,222,mentioned_dependency_or_related
219,223,mentioned_dependency_or_related
219,224,mentioned_dependency_or_related
219,225,mentioned_dependency_or_related
219,402,mentioned_dependency_or_related
219,406,mentioned_dependency_or_related
220,004,mentioned_dependency_or_related
220,018,mentioned_dependency_or_related
220,219,mentioned_dependency_or_related
220,221,mentioned_dependency_or_related
220,225,mentioned_dependency_or_related
220,226,mentioned_dependency_or_related
220,227,mentioned_dependency_or_related
220,230,mentioned_dependency_or_related
220,391,mentioned_dependency_or_related
220,395,mentioned_dependency_or_related
221,003,mentioned_dependency_or_related
221,004,mentioned_dependency_or_related
221,018,mentioned_dependency_or_related
221,219,mentioned_dependency_or_related
221,220,mentioned_dependency_or_related
221,222,mentioned_dependency_or_related
221,225,mentioned_dependency_or_related
221,226,mentioned_dependency_or_related
221,230,mentioned_dependency_or_related
222,001,mentioned_dependency_or_related
222,004,mentioned_dependency_or_related
222,018,mentioned_dependency_or_related
222,019,mentioned_dependency_or_related
222,047,mentioned_dependency_or_related
222,217,mentioned_dependency_or_related
222,218,mentioned_dependency_or_related
222,219,mentioned_dependency_or_related
222,221,mentioned_dependency_or_related
222,402,mentioned_dependency_or_related
222,404,mentioned_dependency_or_related
223,004,mentioned_dependency_or_related
223,219,mentioned_dependency_or_related
223,221,mentioned_dependency_or_related
223,224,mentioned_dependency_or_related
223,225,mentioned_dependency_or_related
223,348,mentioned_dependency_or_related
223,388,mentioned_dependency_or_related
223,391,mentioned_dependency_or_related
223,395,mentioned_dependency_or_related
224,219,mentioned_dependency_or_related
224,220,mentioned_dependency_or_related
224,223,mentioned_dependency_or_related
224,225,mentioned_dependency_or_related
224,348,mentioned_dependency_or_related
224,388,mentioned_dependency_or_related
224,397,mentioned_dependency_or_related
224,400,mentioned_dependency_or_related
225,004,mentioned_dependency_or_related
225,219,mentioned_dependency_or_related
225,220,mentioned_dependency_or_related
225,223,mentioned_dependency_or_related
225,224,mentioned_dependency_or_related
225,226,mentioned_dependency_or_related
225,391,mentioned_dependency_or_related
225,395,mentioned_dependency_or_related
225,402,mentioned_dependency_or_related
225,406,mentioned_dependency_or_related
226,004,mentioned_dependency_or_related
226,018,mentioned_dependency_or_related
226,220,mentioned_dependency_or_related
226,225,mentioned_dependency_or_related
226,227,mentioned_dependency_or_related
226,228,mentioned_dependency_or_related
226,230,mentioned_dependency_or_related
226,402,mentioned_dependency_or_related
226,404,mentioned_dependency_or_related
227,018,mentioned_dependency_or_related
227,220,mentioned_dependency_or_related
227,221,mentioned_dependency_or_related
227,225,mentioned_dependency_or_related
227,226,mentioned_dependency_or_related
227,228,mentioned_dependency_or_related
227,230,mentioned_dependency_or_related
227,301,mentioned_dependency_or_related
227,330,mentioned_dependency_or_related
227,402,mentioned_dependency_or_related
227,406,mentioned_dependency_or_related
228,019,mentioned_dependency_or_related
228,228,mentioned_dependency_or_related
228,230,mentioned_dependency_or_related
228,231,mentioned_dependency_or_related
228,254,mentioned_dependency_or_related
228,301,mentioned_dependency_or_related
228,330,mentioned_dependency_or_related
228,402,mentioned_dependency_or_related
228,406,mentioned_dependency_or_related
229,019,mentioned_dependency_or_related
229,020,mentioned_dependency_or_related
229,228,mentioned_dependency_or_related
229,230,mentioned_dependency_or_related
229,231,mentioned_dependency_or_related
229,254,mentioned_dependency_or_related
229,301,mentioned_dependency_or_related
229,330,mentioned_dependency_or_related
230,019,mentioned_dependency_or_related
230,226,mentioned_dependency_or_related
230,228,mentioned_dependency_or_related
230,229,mentioned_dependency_or_related
230,231,mentioned_dependency_or_related
230,254,mentioned_dependency_or_related
230,301,mentioned_dependency_or_related
230,330,mentioned_dependency_or_related
230,402,mentioned_dependency_or_related
230,404,mentioned_dependency_or_related
231,019,mentioned_dependency_or_related
231,020,mentioned_dependency_or_related
231,228,mentioned_dependency_or_related
231,230,mentioned_dependency_or_related
231,232,mentioned_dependency_or_related
231,254,mentioned_dependency_or_related
231,301,mentioned_dependency_or_related
231,330,mentioned_dependency_or_related
231,402,mentioned_dependency_or_related
231,404,mentioned_dependency_or_related
232,058,mentioned_dependency_or_related
232,060,mentioned_dependency_or_related
232,199,mentioned_dependency_or_related
232,228,mentioned_dependency_or_related
232,230,mentioned_dependency_or_related
232,231,mentioned_dependency_or_related
232,233,mentioned_dependency_or_related
232,242,mentioned_dependency_or_related
232,350,mentioned_dependency_or_related
232,354,mentioned_dependency_or_related
232,398,mentioned_dependency_or_related
232,400,mentioned_dependency_or_related
233,019,mentioned_dependency_or_related
233,229,mentioned_dependency_or_related
233,231,mentioned_dependency_or_related
233,234,mentioned_dependency_or_related
233,238,mentioned_dependency_or_related
233,386,mentioned_dependency_or_related
234,034,mentioned_dependency_or_related
234,035,mentioned_dependency_or_related
234,036,mentioned_dependency_or_related
234,231,mentioned_dependency_or_related
234,233,mentioned_dependency_or_related
234,235,mentioned_dependency_or_related
234,238,mentioned_dependency_or_related
234,301,mentioned_dependency_or_related
234,330,mentioned_dependency_or_related
235,020,mentioned_dependency_or_related
235,029,mentioned_dependency_or_related
235,044,mentioned_dependency_or_related
235,231,mentioned_dependency_or_related
235,234,mentioned_dependency_or_related
235,236,mentioned_dependency_or_related
235,242,mentioned_dependency_or_related
235,301,mentioned_dependency_or_related
235,330,mentioned_dependency_or_related
236,001,mentioned_dependency_or_related
236,019,mentioned_dependency_or_related
236,020,mentioned_dependency_or_related
236,231,mentioned_dependency_or_related
236,235,mentioned_dependency_or_related
236,237,mentioned_dependency_or_related
236,238,mentioned_dependency_or_related
236,301,mentioned_dependency_or_related
236,330,mentioned_dependency_or_related
237,001,mentioned_dependency_or_related
237,019,mentioned_dependency_or_related
237,230,mentioned_dependency_or_related
237,231,mentioned_dependency_or_related
237,235,mentioned_dependency_or_related
237,236,mentioned_dependency_or_related
237,238,mentioned_dependency_or_related
237,301,mentioned_dependency_or_related
237,330,mentioned_dependency_or_related
238,019,mentioned_dependency_or_related
238,229,mentioned_dependency_or_related
238,231,mentioned_dependency_or_related
238,237,mentioned_dependency_or_related
238,239,mentioned_dependency_or_related
238,242,mentioned_dependency_or_related
238,388,mentioned_dependency_or_related
239,020,mentioned_dependency_or_related
239,039,mentioned_dependency_or_related
239,228,mentioned_dependency_or_related
239,230,mentioned_dependency_or_related
239,231,mentioned_dependency_or_related
239,240,mentioned_dependency_or_related
239,242,mentioned_dependency_or_related
239,301,mentioned_dependency_or_related
239,330,mentioned_dependency_or_related
240,239,mentioned_dependency_or_related
240,241,mentioned_dependency_or_related
240,242,mentioned_dependency_or_related
240,301,mentioned_dependency_or_related
240,330,mentioned_dependency_or_related
241,018,mentioned_dependency_or_related
241,029,mentioned_dependency_or_related
241,239,mentioned_dependency_or_related
241,240,mentioned_dependency_or_related
241,242,mentioned_dependency_or_related
241,307,mentioned_dependency_or_related
241,330,mentioned_dependency_or_related
242,020,mentioned_dependency_or_related
242,029,mentioned_dependency_or_related
242,031,mentioned_dependency_or_related
242,239,mentioned_dependency_or_related
242,241,mentioned_dependency_or_related
242,301,mentioned_dependency_or_related
242,330,mentioned_dependency_or_related
243,029,mentioned_dependency_or_related
243,228,mentioned_dependency_or_related
243,230,mentioned_dependency_or_related
243,239,mentioned_dependency_or_related
243,242,mentioned_dependency_or_related
243,244,mentioned_dependency_or_related
243,245,mentioned_dependency_or_related
243,301,mentioned_dependency_or_related
243,330,mentioned_dependency_or_related
244,005,mentioned_dependency_or_related
244,029,mentioned_dependency_or_related
244,244,mentioned_dependency_or_related
244,245,mentioned_dependency_or_related
244,301,mentioned_dependency_or_related
244,330,mentioned_dependency_or_related
245,029,mentioned_dependency_or_related
245,206,mentioned_dependency_or_related
245,243,mentioned_dependency_or_related
245,244,mentioned_dependency_or_related
245,301,mentioned_dependency_or_related
245,330,mentioned_dependency_or_related
246,045,mentioned_dependency_or_related
246,198,mentioned_dependency_or_related
246,209,mentioned_dependency_or_related
246,210,mentioned_dependency_or_related
246,212,mentioned_dependency_or_related
246,231,mentioned_dependency_or_related
246,254,mentioned_dependency_or_related
246,301,mentioned_dependency_or_related
246,330,mentioned_dependency_or_related
247,001,mentioned_dependency_or_related
247,019,mentioned_dependency_or_related
247,048,mentioned_dependency_or_related
247,230,mentioned_dependency_or_related
247,236,mentioned_dependency_or_related
247,237,mentioned_dependency_or_related
247,249,mentioned_dependency_or_related
247,250,mentioned_dependency_or_related
247,301,mentioned_dependency_or_related
247,330,mentioned_dependency_or_related
248,019,mentioned_dependency_or_related
248,020,mentioned_dependency_or_related
248,248,mentioned_dependency_or_related
248,301,mentioned_dependency_or_related
248,330,mentioned_dependency_or_related
248,378,mentioned_dependency_or_related
248,381,mentioned_dependency_or_related
248,388,mentioned_dependency_or_related
248,389,mentioned_dependency_or_related
249,001,mentioned_dependency_or_related
249,019,mentioned_dependency_or_related
249,048,mentioned_dependency_or_related
249,237,mentioned_dependency_or_related
249,247,mentioned_dependency_or_related
249,250,mentioned_dependency_or_related
249,301,mentioned_dependency_or_related
249,330,mentioned_dependency_or_related
250,001,mentioned_dependency_or_related
250,019,mentioned_dependency_or_related
250,237,mentioned_dependency_or_related
250,247,mentioned_dependency_or_related
250,249,mentioned_dependency_or_related
250,251,mentioned_dependency_or_related
250,388,mentioned_dependency_or_related
251,219,mentioned_dependency_or_related
251,220,mentioned_dependency_or_related
251,221,mentioned_dependency_or_related
251,225,mentioned_dependency_or_related
251,226,mentioned_dependency_or_related
251,227,mentioned_dependency_or_related
251,228,mentioned_dependency_or_related
251,230,mentioned_dependency_or_related
251,402,mentioned_dependency_or_related
251,406,mentioned_dependency_or_related
252,050,mentioned_dependency_or_related
252,198,mentioned_dependency_or_related
252,199,mentioned_dependency_or_related
252,232,mentioned_dependency_or_related
252,243,mentioned_dependency_or_related
252,245,mentioned_dependency_or_related
252,301,mentioned_dependency_or_related
252,330,mentioned_dependency_or_related
252,402,mentioned_dependency_or_related
252,404,mentioned_dependency_or_related
253,030,mentioned_dependency_or_related
253,031,mentioned_dependency_or_related
253,157,mentioned_dependency_or_related
253,158,mentioned_dependency_or_related
253,217,mentioned_dependency_or_related
253,218,mentioned_dependency_or_related
253,231,mentioned_dependency_or_related
253,254,mentioned_dependency_or_related
253,305,mentioned_dependency_or_related
253,369,mentioned_dependency_or_related
253,371,mentioned_dependency_or_related
254,030,mentioned_dependency_or_related
254,031,mentioned_dependency_or_related
254,153,mentioned_dependency_or_related
254,162,mentioned_dependency_or_related
254,218,mentioned_dependency_or_related
254,253,mentioned_dependency_or_related
254,307,mentioned_dependency_or_related
254,391,mentioned_dependency_or_related
254,395,mentioned_dependency_or_related
255,231,mentioned_dependency_or_related
255,254,mentioned_dependency_or_related
255,255,mentioned_dependency_or_related
255,301,mentioned_dependency_or_related
255,330,mentioned_dependency_or_related
255,386,mentioned_dependency_or_related
255,388,mentioned_dependency_or_related
256,004,mentioned_dependency_or_related
256,019,mentioned_dependency_or_related
256,228,mentioned_dependency_or_related
256,230,mentioned_dependency_or_related
256,231,mentioned_dependency_or_related
256,237,mentioned_dependency_or_related
256,255,mentioned_dependency_or_related
256,257,mentioned_dependency_or_related
256,402,mentioned_dependency_or_related
256,404,mentioned_dependency_or_related
257,001,mentioned_dependency_or_related
257,019,mentioned_dependency_or_related
257,237,mentioned_dependency_or_related
257,249,mentioned_dependency_or_related
257,256,mentioned_dependency_or_related
257,301,mentioned_dependency_or_related
257,330,mentioned_dependency_or_related
257,402,mentioned_dependency_or_related
257,404,mentioned_dependency_or_related
258,258,mentioned_dependency_or_related
258,259,mentioned_dependency_or_related
258,263,mentioned_dependency_or_related
258,264,mentioned_dependency_or_related
258,268,mentioned_dependency_or_related
258,270,mentioned_dependency_or_related
258,271,mentioned_dependency_or_related
258,301,mentioned_dependency_or_related
258,330,mentioned_dependency_or_related
259,223,mentioned_dependency_or_related
259,224,mentioned_dependency_or_related
259,258,mentioned_dependency_or_related
259,260,mentioned_dependency_or_related
259,262,mentioned_dependency_or_related
259,264,mentioned_dependency_or_related
259,271,mentioned_dependency_or_related
259,388,mentioned_dependency_or_related
260,223,mentioned_dependency_or_related
260,224,mentioned_dependency_or_related
260,259,mentioned_dependency_or_related
260,261,mentioned_dependency_or_related
260,262,mentioned_dependency_or_related
260,264,mentioned_dependency_or_related
260,268,mentioned_dependency_or_related
260,380,mentioned_dependency_or_related
260,381,mentioned_dependency_or_related
260,388,mentioned_dependency_or_related
261,209,mentioned_dependency_or_related
261,259,mentioned_dependency_or_related
261,260,mentioned_dependency_or_related
261,262,mentioned_dependency_or_related
261,264,mentioned_dependency_or_related
261,271,mentioned_dependency_or_related
261,388,mentioned_dependency_or_related
262,259,mentioned_dependency_or_related
262,261,mentioned_dependency_or_related
262,264,mentioned_dependency_or_related
262,268,mentioned_dependency_or_related
262,388,mentioned_dependency_or_related
262,391,mentioned_dependency_or_related
262,395,mentioned_dependency_or_related
262,397,mentioned_dependency_or_related
262,400,mentioned_dependency_or_related
263,029,mentioned_dependency_or_related
263,258,mentioned_dependency_or_related
263,264,mentioned_dependency_or_related
263,272,mentioned_dependency_or_related
263,301,mentioned_dependency_or_related
263,330,mentioned_dependency_or_related
264,259,mentioned_dependency_or_related
264,263,mentioned_dependency_or_related
264,265,mentioned_dependency_or_related
264,271,mentioned_dependency_or_related
264,388,mentioned_dependency_or_related
265,258,mentioned_dependency_or_related
265,262,mentioned_dependency_or_related
265,264,mentioned_dependency_or_related
265,266,mentioned_dependency_or_related
265,271,mentioned_dependency_or_related
265,388,mentioned_dependency_or_related
266,231,mentioned_dependency_or_related
266,255,mentioned_dependency_or_related
266,264,mentioned_dependency_or_related
266,265,mentioned_dependency_or_related
266,267,mentioned_dependency_or_related
266,268,mentioned_dependency_or_related
266,270,mentioned_dependency_or_related
266,271,mentioned_dependency_or_related
267,237,mentioned_dependency_or_related
267,262,mentioned_dependency_or_related
267,263,mentioned_dependency_or_related
267,266,mentioned_dependency_or_related
267,268,mentioned_dependency_or_related
267,274,mentioned_dependency_or_related
267,301,mentioned_dependency_or_related
267,330,mentioned_dependency_or_related
267,373,mentioned_dependency_or_related
268,263,mentioned_dependency_or_related
268,267,mentioned_dependency_or_related
268,269,mentioned_dependency_or_related
268,272,mentioned_dependency_or_related
268,301,mentioned_dependency_or_related
268,330,mentioned_dependency_or_related
269,029,mentioned_dependency_or_related
269,258,mentioned_dependency_or_related
269,268,mentioned_dependency_or_related
269,270,mentioned_dependency_or_related
269,272,mentioned_dependency_or_related
269,301,mentioned_dependency_or_related
269,330,mentioned_dependency_or_related
269,402,mentioned_dependency_or_related
269,404,mentioned_dependency_or_related
270,198,mentioned_dependency_or_related
270,218,mentioned_dependency_or_related
270,258,mentioned_dependency_or_related
270,268,mentioned_dependency_or_related
270,269,mentioned_dependency_or_related
270,271,mentioned_dependency_or_related
270,301,mentioned_dependency_or_related
270,330,mentioned_dependency_or_related
270,386,mentioned_dependency_or_related
270,388,mentioned_dependency_or_related
271,258,mentioned_dependency_or_related
271,259,mentioned_dependency_or_related
271,263,mentioned_dependency_or_related
271,264,mentioned_dependency_or_related
271,268,mentioned_dependency_or_related
271,269,mentioned_dependency_or_related
271,270,mentioned_dependency_or_related
271,272,mentioned_dependency_or_related
271,301,mentioned_dependency_or_related
271,330,mentioned_dependency_or_related
272,021,mentioned_dependency_or_related
272,028,mentioned_dependency_or_related
272,263,mentioned_dependency_or_related
272,269,mentioned_dependency_or_related
272,271,mentioned_dependency_or_related
272,301,mentioned_dependency_or_related
272,330,mentioned_dependency_or_related
272,373,mentioned_dependency_or_related
272,389,mentioned_dependency_or_related
273,001,mentioned_dependency_or_related
273,048,mentioned_dependency_or_related
273,259,mentioned_dependency_or_related
273,269,mentioned_dependency_or_related
273,272,mentioned_dependency_or_related
273,341,mentioned_dependency_or_related
273,402,mentioned_dependency_or_related
273,404,mentioned_dependency_or_related
274,259,mentioned_dependency_or_related
274,265,mentioned_dependency_or_related
274,272,mentioned_dependency_or_related
274,273,mentioned_dependency_or_related
274,341,mentioned_dependency_or_related
274,388,mentioned_dependency_or_related
275,029,mentioned_dependency_or_related
275,038,mentioned_dependency_or_related
275,044,mentioned_dependency_or_related
275,258,mentioned_dependency_or_related
275,272,mentioned_dependency_or_related
275,301,mentioned_dependency_or_related
275,330,mentioned_dependency_or_related
276,258,mentioned_dependency_or_related
276,263,mentioned_dependency_or_related
276,271,mentioned_dependency_or_related
276,275,mentioned_dependency_or_related
276,277,mentioned_dependency_or_related
276,286,mentioned_dependency_or_related
276,301,mentioned_dependency_or_related
276,330,mentioned_dependency_or_related
277,275,mentioned_dependency_or_related
277,276,mentioned_dependency_or_related
277,278,mentioned_dependency_or_related
277,283,mentioned_dependency_or_related
277,301,mentioned_dependency_or_related
277,330,mentioned_dependency_or_related
277,391,mentioned_dependency_or_related
277,400,mentioned_dependency_or_related
278,058,mentioned_dependency_or_related
278,060,mentioned_dependency_or_related
278,198,mentioned_dependency_or_related
278,199,mentioned_dependency_or_related
278,277,mentioned_dependency_or_related
278,284,mentioned_dependency_or_related
278,298,mentioned_dependency_or_related
278,301,mentioned_dependency_or_related
278,330,mentioned_dependency_or_related
278,379,mentioned_dependency_or_related
279,260,mentioned_dependency_or_related
279,262,mentioned_dependency_or_related
279,264,mentioned_dependency_or_related
279,268,mentioned_dependency_or_related
279,280,mentioned_dependency_or_related
279,301,mentioned_dependency_or_related
279,330,mentioned_dependency_or_related
279,380,mentioned_dependency_or_related
279,381,mentioned_dependency_or_related
280,272,mentioned_dependency_or_related
280,277,mentioned_dependency_or_related
280,279,mentioned_dependency_or_related
280,284,mentioned_dependency_or_related
280,286,mentioned_dependency_or_related
280,301,mentioned_dependency_or_related
280,330,mentioned_dependency_or_related
280,380,mentioned_dependency_or_related
280,381,mentioned_dependency_or_related
281,275,mentioned_dependency_or_related
281,277,mentioned_dependency_or_related
281,279,mentioned_dependency_or_related
281,280,mentioned_dependency_or_related
281,282,mentioned_dependency_or_related
281,284,mentioned_dependency_or_related
281,286,mentioned_dependency_or_related
281,301,mentioned_dependency_or_related
281,330,mentioned_dependency_or_related
282,275,mentioned_dependency_or_related
282,281,mentioned_dependency_or_related
282,283,mentioned_dependency_or_related
282,284,mentioned_dependency_or_related
282,285,mentioned_dependency_or_related
282,286,mentioned_dependency_or_related
282,301,mentioned_dependency_or_related
282,330,mentioned_dependency_or_related
282,378,mentioned_dependency_or_related
282,381,mentioned_dependency_or_related
283,200,mentioned_dependency_or_related
283,205,mentioned_dependency_or_related
283,258,mentioned_dependency_or_related
283,282,mentioned_dependency_or_related
283,284,mentioned_dependency_or_related
283,286,mentioned_dependency_or_related
283,301,mentioned_dependency_or_related
283,330,mentioned_dependency_or_related
284,038,mentioned_dependency_or_related
284,044,mentioned_dependency_or_related
284,277,mentioned_dependency_or_related
284,278,mentioned_dependency_or_related
284,282,mentioned_dependency_or_related
284,286,mentioned_dependency_or_related
284,301,mentioned_dependency_or_related
284,330,mentioned_dependency_or_related
285,031,mentioned_dependency_or_related
285,159,mentioned_dependency_or_related
285,162,mentioned_dependency_or_related
285,254,mentioned_dependency_or_related
285,286,mentioned_dependency_or_related
285,307,mentioned_dependency_or_related
285,391,mentioned_dependency_or_related
285,395,mentioned_dependency_or_related
286,031,mentioned_dependency_or_related
286,152,mentioned_dependency_or_related
286,225,mentioned_dependency_or_related
286,285,mentioned_dependency_or_related
286,301,mentioned_dependency_or_related
286,330,mentioned_dependency_or_related
286,391,mentioned_dependency_or_related
286,400,mentioned_dependency_or_related
287,237,mentioned_dependency_or_related
287,258,mentioned_dependency_or_related
287,268,mentioned_dependency_or_related
287,273,mentioned_dependency_or_related
287,274,mentioned_dependency_or_related
287,301,mentioned_dependency_or_related
287,330,mentioned_dependency_or_related
287,373,mentioned_dependency_or_related
287,388,mentioned_dependency_or_related
287,390,mentioned_dependency_or_related
288,237,mentioned_dependency_or_related
288,267,mentioned_dependency_or_related
288,268,mentioned_dependency_or_related
288,287,mentioned_dependency_or_related
288,289,mentioned_dependency_or_related
288,301,mentioned_dependency_or_related
288,330,mentioned_dependency_or_related
288,388,mentioned_dependency_or_related
288,390,mentioned_dependency_or_related
289,018,mentioned_dependency_or_related
289,258,mentioned_dependency_or_related
289,267,mentioned_dependency_or_related
289,268,mentioned_dependency_or_related
289,288,mentioned_dependency_or_related
289,301,mentioned_dependency_or_related
289,330,mentioned_dependency_or_related
289,386,mentioned_dependency_or_related
289,390,mentioned_dependency_or_related
290,267,mentioned_dependency_or_related
290,268,mentioned_dependency_or_related
290,288,mentioned_dependency_or_related
290,295,mentioned_dependency_or_related
290,297,mentioned_dependency_or_related
290,301,mentioned_dependency_or_related
290,330,mentioned_dependency_or_related
291,262,mentioned_dependency_or_related
291,288,mentioned_dependency_or_related
291,292,mentioned_dependency_or_related
291,293,mentioned_dependency_or_related
291,300,mentioned_dependency_or_related
291,355,mentioned_dependency_or_related
291,357,mentioned_dependency_or_related
291,391,mentioned_dependency_or_related
291,400,mentioned_dependency_or_related
292,261,mentioned_dependency_or_related
292,262,mentioned_dependency_or_related
292,264,mentioned_dependency_or_related
292,268,mentioned_dependency_or_related
292,291,mentioned_dependency_or_related
292,293,mentioned_dependency_or_related
292,388,mentioned_dependency_or_related
293,290,mentioned_dependency_or_related
293,292,mentioned_dependency_or_related
293,293,mentioned_dependency_or_related
293,294,mentioned_dependency_or_related
293,295,mentioned_dependency_or_related
293,301,mentioned_dependency_or_related
293,330,mentioned_dependency_or_related
293,391,mentioned_dependency_or_related
293,400,mentioned_dependency_or_related
294,200,mentioned_dependency_or_related
294,205,mentioned_dependency_or_related
294,263,mentioned_dependency_or_related
294,275,mentioned_dependency_or_related
294,277,mentioned_dependency_or_related
294,293,mentioned_dependency_or_related
294,355,mentioned_dependency_or_related
294,396,mentioned_dependency_or_related
294,397,mentioned_dependency_or_related
294,400,mentioned_dependency_or_related
295,263,mentioned_dependency_or_related
295,267,mentioned_dependency_or_related
295,268,mentioned_dependency_or_related
295,290,mentioned_dependency_or_related
295,297,mentioned_dependency_or_related
295,301,mentioned_dependency_or_related
295,330,mentioned_dependency_or_related
295,388,mentioned_dependency_or_related
296,161,mentioned_dependency_or_related
296,218,mentioned_dependency_or_related
296,267,mentioned_dependency_or_related
296,268,mentioned_dependency_or_related
296,297,mentioned_dependency_or_related
296,369,mentioned_dependency_or_related
296,371,mentioned_dependency_or_related
296,388,mentioned_dependency_or_related
297,258,mentioned_dependency_or_related
297,290,mentioned_dependency_or_related
297,295,mentioned_dependency_or_related
297,296,mentioned_dependency_or_related
297,298,mentioned_dependency_or_related
297,301,mentioned_dependency_or_related
297,330,mentioned_dependency_or_related
298,200,mentioned_dependency_or_related
298,202,mentioned_dependency_or_related
298,203,mentioned_dependency_or_related
298,204,mentioned_dependency_or_related
298,284,mentioned_dependency_or_related
298,299,mentioned_dependency_or_related
298,301,mentioned_dependency_or_related
298,330,mentioned_dependency_or_related
298,380,mentioned_dependency_or_related
299,038,mentioned_dependency_or_related
299,277,mentioned_dependency_or_related
299,284,mentioned_dependency_or_related
299,298,mentioned_dependency_or_related
299,300,mentioned_dependency_or_related
299,301,mentioned_dependency_or_related
299,330,mentioned_dependency_or_related
300,277,mentioned_dependency_or_related
300,284,mentioned_dependency_or_related
300,291,mentioned_dependency_or_related
300,298,mentioned_dependency_or_related
300,299,mentioned_dependency_or_related
300,301,mentioned_dependency_or_related
300,330,mentioned_dependency_or_related
300,391,mentioned_dependency_or_related
300,395,mentioned_dependency_or_related
301,029,mentioned_dependency_or_related
301,243,mentioned_dependency_or_related
301,245,mentioned_dependency_or_related
301,302,mentioned_dependency_or_related
301,303,mentioned_dependency_or_related
301,330,mentioned_dependency_or_related
302,029,mentioned_dependency_or_related
302,267,mentioned_dependency_or_related
302,268,mentioned_dependency_or_related
302,288,mentioned_dependency_or_related
302,301,mentioned_dependency_or_related
302,303,mentioned_dependency_or_related
302,330,mentioned_dependency_or_related
303,039,mentioned_dependency_or_related
303,258,mentioned_dependency_or_related
303,290,mentioned_dependency_or_related
303,301,mentioned_dependency_or_related
303,302,mentioned_dependency_or_related
303,313,mentioned_dependency_or_related
303,317,mentioned_dependency_or_related
303,318,mentioned_dependency_or_related
303,330,mentioned_dependency_or_related
304,258,mentioned_dependency_or_related
304,263,mentioned_dependency_or_related
304,277,mentioned_dependency_or_related
304,301,mentioned_dependency_or_related
304,305,mentioned_dependency_or_related
304,307,mentioned_dependency_or_related
304,310,mentioned_dependency_or_related
304,323,mentioned_dependency_or_related
304,330,mentioned_dependency_or_related
305,284,mentioned_dependency_or_related
305,298,mentioned_dependency_or_related
305,299,mentioned_dependency_or_related
305,300,mentioned_dependency_or_related
305,304,mentioned_dependency_or_related
305,313,mentioned_dependency_or_related
305,317,mentioned_dependency_or_related
305,323,mentioned_dependency_or_related
305,330,mentioned_dependency_or_related
306,206,mentioned_dependency_or_related
306,207,mentioned_dependency_or_related
306,218,mentioned_dependency_or_related
306,313,mentioned_dependency_or_related
306,317,mentioned_dependency_or_related
306,323,mentioned_dependency_or_related
306,330,mentioned_dependency_or_related
307,031,mentioned_dependency_or_related
307,159,mentioned_dependency_or_related
307,162,mentioned_dependency_or_related
307,218,mentioned_dependency_or_related
307,254,mentioned_dependency_or_related
307,285,mentioned_dependency_or_related
307,286,mentioned_dependency_or_related
307,308,mentioned_dependency_or_related
307,391,mentioned_dependency_or_related
307,395,mentioned_dependency_or_related
308,157,mentioned_dependency_or_related
308,158,mentioned_dependency_or_related
308,200,mentioned_dependency_or_related
308,205,mentioned_dependency_or_related
308,217,mentioned_dependency_or_related
308,218,mentioned_dependency_or_related
308,253,mentioned_dependency_or_related
308,301,mentioned_dependency_or_related
308,307,mentioned_dependency_or_related
308,369,mentioned_dependency_or_related
308,371,mentioned_dependency_or_related
309,033,mentioned_dependency_or_related
309,258,mentioned_dependency_or_related
309,290,mentioned_dependency_or_related
309,301,mentioned_dependency_or_related
309,303,mentioned_dependency_or_related
309,313,mentioned_dependency_or_related
309,317,mentioned_dependency_or_related
309,323,mentioned_dependency_or_related
309,330,mentioned_dependency_or_related
310,272,mentioned_dependency_or_related
310,277,mentioned_dependency_or_related
310,280,mentioned_dependency_or_related
310,301,mentioned_dependency_or_related
310,304,mentioned_dependency_or_related
310,313,mentioned_dependency_or_related
310,317,mentioned_dependency_or_related
310,323,mentioned_dependency_or_related
310,330,mentioned_dependency_or_related
311,029,mentioned_dependency_or_related
311,301,mentioned_dependency_or_related
311,310,mentioned_dependency_or_related
311,312,mentioned_dependency_or_related
311,318,mentioned_dependency_or_related
311,330,mentioned_dependency_or_related
312,200,mentioned_dependency_or_related
312,202,mentioned_dependency_or_related
312,283,mentioned_dependency_or_related
312,311,mentioned_dependency_or_related
312,313,mentioned_dependency_or_related
312,317,mentioned_dependency_or_related
312,328,mentioned_dependency_or_related
312,330,mentioned_dependency_or_related
312,396,mentioned_dependency_or_related
313,029,mentioned_dependency_or_related
313,301,mentioned_dependency_or_related
313,312,mentioned_dependency_or_related
313,314,mentioned_dependency_or_related
313,317,mentioned_dependency_or_related
313,323,mentioned_dependency_or_related
313,330,mentioned_dependency_or_related
314,301,mentioned_dependency_or_related
314,312,mentioned_dependency_or_related
314,313,mentioned_dependency_or_related
314,315,mentioned_dependency_or_related
314,317,mentioned_dependency_or_related
314,318,mentioned_dependency_or_related
314,330,mentioned_dependency_or_related
315,004,mentioned_dependency_or_related
315,206,mentioned_dependency_or_related
315,213,mentioned_dependency_or_related
315,225,mentioned_dependency_or_related
315,313,mentioned_dependency_or_related
315,317,mentioned_dependency_or_related
315,391,mentioned_dependency_or_related
315,395,mentioned_dependency_or_related
316,034,mentioned_dependency_or_related
316,301,mentioned_dependency_or_related
316,310,mentioned_dependency_or_related
316,313,mentioned_dependency_or_related
316,314,mentioned_dependency_or_related
316,315,mentioned_dependency_or_related
316,317,mentioned_dependency_or_related
316,318,mentioned_dependency_or_related
316,330,mentioned_dependency_or_related
317,161,mentioned_dependency_or_related
317,163,mentioned_dependency_or_related
317,239,mentioned_dependency_or_related
317,301,mentioned_dependency_or_related
317,313,mentioned_dependency_or_related
317,316,mentioned_dependency_or_related
317,318,mentioned_dependency_or_related
317,330,mentioned_dependency_or_related
318,301,mentioned_dependency_or_related
318,306,mentioned_dependency_or_related
318,314,mentioned_dependency_or_related
318,317,mentioned_dependency_or_related
318,319,mentioned_dependency_or_related
318,323,mentioned_dependency_or_related
318,330,mentioned_dependency_or_related
319,213,mentioned_dependency_or_related
319,214,mentioned_dependency_or_related
319,306,mentioned_dependency_or_related
319,318,mentioned_dependency_or_related
319,320,mentioned_dependency_or_related
319,326,mentioned_dependency_or_related
319,330,mentioned_dependency_or_related
319,402,mentioned_dependency_or_related
319,404,mentioned_dependency_or_related
320,228,mentioned_dependency_or_related
320,230,mentioned_dependency_or_related
320,243,mentioned_dependency_or_related
320,245,mentioned_dependency_or_related
320,289,mentioned_dependency_or_related
320,319,mentioned_dependency_or_related
320,386,mentioned_dependency_or_related
320,402,mentioned_dependency_or_related
320,404,mentioned_dependency_or_related
321,239,mentioned_dependency_or_related
321,242,mentioned_dependency_or_related
321,301,mentioned_dependency_or_related
321,304,mentioned_dependency_or_related
321,317,mentioned_dependency_or_related
321,322,mentioned_dependency_or_related
321,324,mentioned_dependency_or_related
322,301,mentioned_dependency_or_related
322,321,mentioned_dependency_or_related
322,323,mentioned_dependency_or_related
322,324,mentioned_dependency_or_related
322,325,mentioned_dependency_or_related
322,326,mentioned_dependency_or_related
322,330,mentioned_dependency_or_related
323,239,mentioned_dependency_or_related
323,242,mentioned_dependency_or_related
323,301,mentioned_dependency_or_related
323,310,mentioned_dependency_or_related
323,317,mentioned_dependency_or_related
323,321,mentioned_dependency_or_related
323,322,mentioned_dependency_or_related
323,324,mentioned_dependency_or_related
323,325,mentioned_dependency_or_related
324,243,mentioned_dependency_or_related
324,245,mentioned_dependency_or_related
324,301,mentioned_dependency_or_related
324,321,mentioned_dependency_or_related
324,323,mentioned_dependency_or_related
324,325,mentioned_dependency_or_related
324,330,mentioned_dependency_or_related
325,311,mentioned_dependency_or_related
325,317,mentioned_dependency_or_related
325,321,mentioned_dependency_or_related
325,324,mentioned_dependency_or_related
325,326,mentioned_dependency_or_related
325,330,mentioned_dependency_or_related
326,005,mentioned_dependency_or_related
326,018,mentioned_dependency_or_related
326,029,mentioned_dependency_or_related
326,327,mentioned_dependency_or_related
326,328,mentioned_dependency_or_related
326,330,mentioned_dependency_or_related
326,331,mentioned_dependency_or_related
327,005,mentioned_dependency_or_related
327,301,mentioned_dependency_or_related
327,319,mentioned_dependency_or_related
327,326,mentioned_dependency_or_related
327,328,mentioned_dependency_or_related
327,330,mentioned_dependency_or_related
327,331,mentioned_dependency_or_related
328,225,mentioned_dependency_or_related
328,286,mentioned_dependency_or_related
328,307,mentioned_dependency_or_related
328,326,mentioned_dependency_or_related
328,330,mentioned_dependency_or_related
328,391,mentioned_dependency_or_related
328,395,mentioned_dependency_or_related
329,285,mentioned_dependency_or_related
329,286,mentioned_dependency_or_related
329,307,mentioned_dependency_or_related
329,326,mentioned_dependency_or_related
329,327,mentioned_dependency_or_related
329,328,mentioned_dependency_or_related
329,330,mentioned_dependency_or_related
329,391,mentioned_dependency_or_related
329,395,mentioned_dependency_or_related
330,285,mentioned_dependency_or_related
330,301,mentioned_dependency_or_related
330,305,mentioned_dependency_or_related
330,322,mentioned_dependency_or_related
330,324,mentioned_dependency_or_related
330,326,mentioned_dependency_or_related
330,329,mentioned_dependency_or_related
330,331,mentioned_dependency_or_related
331,029,mentioned_dependency_or_related
331,237,mentioned_dependency_or_related
331,288,mentioned_dependency_or_related
331,290,mentioned_dependency_or_related
331,301,mentioned_dependency_or_related
331,330,mentioned_dependency_or_related
331,332,mentioned_dependency_or_related
332,003,mentioned_dependency_or_related
332,029,mentioned_dependency_or_related
332,214,mentioned_dependency_or_related
332,319,mentioned_dependency_or_related
332,326,mentioned_dependency_or_related
332,331,mentioned_dependency_or_related
332,402,mentioned_dependency_or_related
332,406,mentioned_dependency_or_related
333,301,mentioned_dependency_or_related
333,310,mentioned_dependency_or_related
333,311,mentioned_dependency_or_related
333,312,mentioned_dependency_or_related
333,319,mentioned_dependency_or_related
333,335,mentioned_dependency_or_related
333,341,mentioned_dependency_or_related
333,342,mentioned_dependency_or_related
334,301,mentioned_dependency_or_related
334,310,mentioned_dependency_or_related
334,311,mentioned_dependency_or_related
334,333,mentioned_dependency_or_related
334,335,mentioned_dependency_or_related
334,336,mentioned_dependency_or_related
334,341,mentioned_dependency_or_related
334,342,mentioned_dependency_or_related
335,200,mentioned_dependency_or_related
335,202,mentioned_dependency_or_related
335,311,mentioned_dependency_or_related
335,312,mentioned_dependency_or_related
335,319,mentioned_dependency_or_related
335,333,mentioned_dependency_or_related
335,334,mentioned_dependency_or_related
335,341,mentioned_dependency_or_related
335,342,mentioned_dependency_or_related
336,001,mentioned_dependency_or_related
336,010,mentioned_dependency_or_related
336,311,mentioned_dependency_or_related
336,334,mentioned_dependency_or_related
336,338,mentioned_dependency_or_related
336,343,mentioned_dependency_or_related
336,373,mentioned_dependency_or_related
337,001,mentioned_dependency_or_related
337,216,mentioned_dependency_or_related
337,217,mentioned_dependency_or_related
337,218,mentioned_dependency_or_related
337,222,mentioned_dependency_or_related
337,334,mentioned_dependency_or_related
337,338,mentioned_dependency_or_related
337,340,mentioned_dependency_or_related
338,001,mentioned_dependency_or_related
338,007,mentioned_dependency_or_related
338,048,mentioned_dependency_or_related
338,331,mentioned_dependency_or_related
338,338,mentioned_dependency_or_related
338,339,mentioned_dependency_or_related
338,341,mentioned_dependency_or_related
338,402,mentioned_dependency_or_related
338,404,mentioned_dependency_or_related
339,001,mentioned_dependency_or_related
339,007,mentioned_dependency_or_related
339,222,mentioned_dependency_or_related
339,247,mentioned_dependency_or_related
339,337,mentioned_dependency_or_related
339,338,mentioned_dependency_or_related
339,341,mentioned_dependency_or_related
339,342,mentioned_dependency_or_related
340,273,mentioned_dependency_or_related
340,337,mentioned_dependency_or_related
340,338,mentioned_dependency_or_related
340,339,mentioned_dependency_or_related
340,341,mentioned_dependency_or_related
340,343,mentioned_dependency_or_related
340,344,mentioned_dependency_or_related
340,373,mentioned_dependency_or_related
341,001,mentioned_dependency_or_related
341,007,mentioned_dependency_or_related
341,273,mentioned_dependency_or_related
341,338,mentioned_dependency_or_related
341,340,mentioned_dependency_or_related
341,342,mentioned_dependency_or_related
341,388,mentioned_dependency_or_related
342,001,mentioned_dependency_or_related
342,004,mentioned_dependency_or_related
342,007,mentioned_dependency_or_related
342,225,mentioned_dependency_or_related
342,308,mentioned_dependency_or_related
342,333,mentioned_dependency_or_related
342,342,mentioned_dependency_or_related
342,391,mentioned_dependency_or_related
342,395,mentioned_dependency_or_related
343,001,mentioned_dependency_or_related
343,005,mentioned_dependency_or_related
343,010,mentioned_dependency_or_related
343,219,mentioned_dependency_or_related
343,223,mentioned_dependency_or_related
343,336,mentioned_dependency_or_related
343,344,mentioned_dependency_or_related
343,346,mentioned_dependency_or_related
343,347,mentioned_dependency_or_related
344,020,mentioned_dependency_or_related
344,044,mentioned_dependency_or_related
344,239,mentioned_dependency_or_related
344,242,mentioned_dependency_or_related
344,246,mentioned_dependency_or_related
344,287,mentioned_dependency_or_related
344,288,mentioned_dependency_or_related
344,343,mentioned_dependency_or_related
344,346,mentioned_dependency_or_related
344,347,mentioned_dependency_or_related
345,219,mentioned_dependency_or_related
345,223,mentioned_dependency_or_related
345,247,mentioned_dependency_or_related
345,250,mentioned_dependency_or_related
345,337,mentioned_dependency_or_related
345,343,mentioned_dependency_or_related
345,344,mentioned_dependency_or_related
345,397,mentioned_dependency_or_related
345,400,mentioned_dependency_or_related
346,010,mentioned_dependency_or_related
346,019,mentioned_dependency_or_related
346,022,mentioned_dependency_or_related
346,219,mentioned_dependency_or_related
346,224,mentioned_dependency_or_related
346,336,mentioned_dependency_or_related
346,343,mentioned_dependency_or_related
346,344,mentioned_dependency_or_related
346,347,mentioned_dependency_or_related
347,010,mentioned_dependency_or_related
347,019,mentioned_dependency_or_related
347,021,mentioned_dependency_or_related
347,022,mentioned_dependency_or_related
347,273,mentioned_dependency_or_related
347,301,mentioned_dependency_or_related
347,331,mentioned_dependency_or_related
347,346,mentioned_dependency_or_related
348,219,mentioned_dependency_or_related
348,223,mentioned_dependency_or_related
348,224,mentioned_dependency_or_related
348,260,mentioned_dependency_or_related
348,349,mentioned_dependency_or_related
348,350,mentioned_dependency_or_related
348,354,mentioned_dependency_or_related
348,358,mentioned_dependency_or_related
348,364,mentioned_dependency_or_related
348,397,mentioned_dependency_or_related
348,400,mentioned_dependency_or_related
349,217,mentioned_dependency_or_related
349,219,mentioned_dependency_or_related
349,220,mentioned_dependency_or_related
349,326,mentioned_dependency_or_related
349,330,mentioned_dependency_or_related
349,348,mentioned_dependency_or_related
349,350,mentioned_dependency_or_related
349,397,mentioned_dependency_or_related
349,400,mentioned_dependency_or_related
350,199,mentioned_dependency_or_related
350,209,mentioned_dependency_or_related
350,223,mentioned_dependency_or_related
350,224,mentioned_dependency_or_related
350,326,mentioned_dependency_or_related
350,348,mentioned_dependency_or_related
350,349,mentioned_dependency_or_related
350,351,mentioned_dependency_or_related
350,357,mentioned_dependency_or_related
351,058,mentioned_dependency_or_related
351,060,mentioned_dependency_or_related
351,232,mentioned_dependency_or_related
351,252,mentioned_dependency_or_related
351,350,mentioned_dependency_or_related
351,352,mentioned_dependency_or_related
351,357,mentioned_dependency_or_related
352,018,mentioned_dependency_or_related
352,228,mentioned_dependency_or_related
352,321,mentioned_dependency_or_related
352,350,mentioned_dependency_or_related
352,353,mentioned_dependency_or_related
352,356,mentioned_dependency_or_related
352,357,mentioned_dependency_or_related
352,358,mentioned_dependency_or_related
353,058,mentioned_dependency_or_related
353,060,mentioned_dependency_or_related
353,232,mentioned_dependency_or_related
353,252,mentioned_dependency_or_related
353,351,mentioned_dependency_or_related
353,352,mentioned_dependency_or_related
353,354,mentioned_dependency_or_related
353,355,mentioned_dependency_or_related
354,050,mentioned_dependency_or_related
354,199,mentioned_dependency_or_related
354,219,mentioned_dependency_or_related
354,232,mentioned_dependency_or_related
354,251,mentioned_dependency_or_related
354,252,mentioned_dependency_or_related
354,351,mentioned_dependency_or_related
354,353,mentioned_dependency_or_related
355,198,mentioned_dependency_or_related
355,199,mentioned_dependency_or_related
355,204,mentioned_dependency_or_related
355,205,mentioned_dependency_or_related
355,258,mentioned_dependency_or_related
355,294,mentioned_dependency_or_related
355,354,mentioned_dependency_or_related
355,356,mentioned_dependency_or_related
355,399,mentioned_dependency_or_related
356,334,mentioned_dependency_or_related
356,348,mentioned_dependency_or_related
356,350,mentioned_dependency_or_related
356,351,mentioned_dependency_or_related
356,355,mentioned_dependency_or_related
356,357,mentioned_dependency_or_related
356,399,mentioned_dependency_or_related
357,291,mentioned_dependency_or_related
357,334,mentioned_dependency_or_related
357,356,mentioned_dependency_or_related
357,358,mentioned_dependency_or_related
357,359,mentioned_dependency_or_related
357,362,mentioned_dependency_or_related
357,391,mentioned_dependency_or_related
357,400,mentioned_dependency_or_related
358,219,mentioned_dependency_or_related
358,225,mentioned_dependency_or_related
358,334,mentioned_dependency_or_related
358,348,mentioned_dependency_or_related
358,357,mentioned_dependency_or_related
358,359,mentioned_dependency_or_related
358,362,mentioned_dependency_or_related
359,225,mentioned_dependency_or_related
359,226,mentioned_dependency_or_related
359,358,mentioned_dependency_or_related
359,359,mentioned_dependency_or_related
359,360,mentioned_dependency_or_related
359,361,mentioned_dependency_or_related
359,362,mentioned_dependency_or_related
359,365,mentioned_dependency_or_related
360,200,mentioned_dependency_or_related
360,202,mentioned_dependency_or_related
360,215,mentioned_dependency_or_related
360,218,mentioned_dependency_or_related
360,225,mentioned_dependency_or_related
360,226,mentioned_dependency_or_related
360,358,mentioned_dependency_or_related
360,359,mentioned_dependency_or_related
360,361,mentioned_dependency_or_related
361,219,mentioned_dependency_or_related
361,225,mentioned_dependency_or_related
361,334,mentioned_dependency_or_related
361,358,mentioned_dependency_or_related
361,359,mentioned_dependency_or_related
361,360,mentioned_dependency_or_related
361,362,mentioned_dependency_or_related
362,010,mentioned_dependency_or_related
362,226,mentioned_dependency_or_related
362,227,mentioned_dependency_or_related
362,343,mentioned_dependency_or_related
362,346,mentioned_dependency_or_related
362,347,mentioned_dependency_or_related
362,358,mentioned_dependency_or_related
362,361,mentioned_dependency_or_related
362,365,mentioned_dependency_or_related
363,225,mentioned_dependency_or_related
363,226,mentioned_dependency_or_related
363,227,mentioned_dependency_or_related
363,348,mentioned_dependency_or_related
363,358,mentioned_dependency_or_related
363,362,mentioned_dependency_or_related
363,364,mentioned_dependency_or_related
364,223,mentioned_dependency_or_related
364,224,mentioned_dependency_or_related
364,225,mentioned_dependency_or_related
364,291,mentioned_dependency_or_related
364,348,mentioned_dependency_or_related
364,357,mentioned_dependency_or_related
364,358,mentioned_dependency_or_related
364,359,mentioned_dependency_or_related
364,361,mentioned_dependency_or_related
365,031,mentioned_dependency_or_related
365,254,mentioned_dependency_or_related
365,358,mentioned_dependency_or_related
365,364,mentioned_dependency_or_related
365,366,mentioned_dependency_or_related
365,370,mentioned_dependency_or_related
365,391,mentioned_dependency_or_related
365,395,mentioned_dependency_or_related
366,015,mentioned_dependency_or_related
366,031,mentioned_dependency_or_related
366,218,mentioned_dependency_or_related
366,336,mentioned_dependency_or_related
366,343,mentioned_dependency_or_related
366,365,mentioned_dependency_or_related
366,367,mentioned_dependency_or_related
366,369,mentioned_dependency_or_related
366,372,mentioned_dependency_or_related
367,010,mentioned_dependency_or_related
367,161,mentioned_dependency_or_related
367,162,mentioned_dependency_or_related
367,218,mentioned_dependency_or_related
367,366,mentioned_dependency_or_related
367,368,mentioned_dependency_or_related
367,372,mentioned_dependency_or_related
368,010,mentioned_dependency_or_related
368,217,mentioned_dependency_or_related
368,218,mentioned_dependency_or_related
368,366,mentioned_dependency_or_related
368,367,mentioned_dependency_or_related
368,369,mentioned_dependency_or_related
368,371,mentioned_dependency_or_related
368,372,mentioned_dependency_or_related
369,001,mentioned_dependency_or_related
369,217,mentioned_dependency_or_related
369,218,mentioned_dependency_or_related
369,253,mentioned_dependency_or_related
369,366,mentioned_dependency_or_related
369,368,mentioned_dependency_or_related
369,370,mentioned_dependency_or_related
369,371,mentioned_dependency_or_related
370,217,mentioned_dependency_or_related
370,218,mentioned_dependency_or_related
370,237,mentioned_dependency_or_related
370,296,mentioned_dependency_or_related
370,367,mentioned_dependency_or_related
370,368,mentioned_dependency_or_related
370,369,mentioned_dependency_or_related
370,371,mentioned_dependency_or_related
371,229,mentioned_dependency_or_related
371,239,mentioned_dependency_or_related
371,321,mentioned_dependency_or_related
371,324,mentioned_dependency_or_related
371,366,mentioned_dependency_or_related
371,368,mentioned_dependency_or_related
371,370,mentioned_dependency_or_related
371,372,mentioned_dependency_or_related
372,001,mentioned_dependency_or_related
372,217,mentioned_dependency_or_related
372,218,mentioned_dependency_or_related
372,225,mentioned_dependency_or_related
372,334,mentioned_dependency_or_related
372,337,mentioned_dependency_or_related
372,366,mentioned_dependency_or_related
372,371,mentioned_dependency_or_related
373,004,mentioned_dependency_or_related
373,005,mentioned_dependency_or_related
373,006,mentioned_dependency_or_related
373,007,mentioned_dependency_or_related
373,010,mentioned_dependency_or_related
373,018,mentioned_dependency_or_related
373,366,mentioned_dependency_or_related
373,373,mentioned_dependency_or_related
374,243,mentioned_dependency_or_related
374,245,mentioned_dependency_or_related
374,301,mentioned_dependency_or_related
374,330,mentioned_dependency_or_related
374,378,mentioned_dependency_or_related
374,389,mentioned_dependency_or_related
374,390,mentioned_dependency_or_related
374,400,mentioned_dependency_or_related
375,228,mentioned_dependency_or_related
375,252,mentioned_dependency_or_related
375,301,mentioned_dependency_or_related
375,319,mentioned_dependency_or_related
375,320,mentioned_dependency_or_related
375,330,mentioned_dependency_or_related
375,374,mentioned_dependency_or_related
375,376,mentioned_dependency_or_related
375,377,mentioned_dependency_or_related
376,243,mentioned_dependency_or_related
376,252,mentioned_dependency_or_related
376,301,mentioned_dependency_or_related
376,330,mentioned_dependency_or_related
376,374,mentioned_dependency_or_related
376,375,mentioned_dependency_or_related
376,377,mentioned_dependency_or_related
376,378,mentioned_dependency_or_related
376,381,mentioned_dependency_or_related
377,289,mentioned_dependency_or_related
377,301,mentioned_dependency_or_related
377,330,mentioned_dependency_or_related
377,374,mentioned_dependency_or_related
377,378,mentioned_dependency_or_related
377,389,mentioned_dependency_or_related
377,390,mentioned_dependency_or_related
378,209,mentioned_dependency_or_related
378,260,mentioned_dependency_or_related
378,262,mentioned_dependency_or_related
378,287,mentioned_dependency_or_related
378,290,mentioned_dependency_or_related
378,379,mentioned_dependency_or_related
378,380,mentioned_dependency_or_related
378,388,mentioned_dependency_or_related
379,198,mentioned_dependency_or_related
379,199,mentioned_dependency_or_related
379,203,mentioned_dependency_or_related
379,205,mentioned_dependency_or_related
379,232,mentioned_dependency_or_related
379,252,mentioned_dependency_or_related
379,354,mentioned_dependency_or_related
379,355,mentioned_dependency_or_related
379,378,mentioned_dependency_or_related
380,206,mentioned_dependency_or_related
380,209,mentioned_dependency_or_related
380,231,mentioned_dependency_or_related
380,245,mentioned_dependency_or_related
380,254,mentioned_dependency_or_related
380,301,mentioned_dependency_or_related
380,330,mentioned_dependency_or_related
380,378,mentioned_dependency_or_related
380,381,mentioned_dependency_or_related
381,209,mentioned_dependency_or_related
381,224,mentioned_dependency_or_related
381,260,mentioned_dependency_or_related
381,261,mentioned_dependency_or_related
381,264,mentioned_dependency_or_related
381,378,mentioned_dependency_or_related
381,380,mentioned_dependency_or_related
381,388,mentioned_dependency_or_related
382,031,mentioned_dependency_or_related
382,254,mentioned_dependency_or_related
382,285,mentioned_dependency_or_related
382,286,mentioned_dependency_or_related
382,307,mentioned_dependency_or_related
382,329,mentioned_dependency_or_related
382,391,mentioned_dependency_or_related
382,395,mentioned_dependency_or_related
383,275,mentioned_dependency_or_related
383,276,mentioned_dependency_or_related
383,277,mentioned_dependency_or_related
383,282,mentioned_dependency_or_related
383,286,mentioned_dependency_or_related
383,382,mentioned_dependency_or_related
383,384,mentioned_dependency_or_related
383,397,mentioned_dependency_or_related
383,400,mentioned_dependency_or_related
384,017,mentioned_dependency_or_related
384,020,mentioned_dependency_or_related
384,044,mentioned_dependency_or_related
384,382,mentioned_dependency_or_related
384,389,mentioned_dependency_or_related
384,390,mentioned_dependency_or_related
384,406,mentioned_dependency_or_related
385,019,mentioned_dependency_or_related
385,229,mentioned_dependency_or_related
385,231,mentioned_dependency_or_related
385,238,mentioned_dependency_or_related
385,384,mentioned_dependency_or_related
385,386,mentioned_dependency_or_related
385,387,mentioned_dependency_or_related
385,388,mentioned_dependency_or_related
386,018,mentioned_dependency_or_related
386,020,mentioned_dependency_or_related
386,044,mentioned_dependency_or_related
386,228,mentioned_dependency_or_related
386,230,mentioned_dependency_or_related
386,374,mentioned_dependency_or_related
386,377,mentioned_dependency_or_related
386,384,mentioned_dependency_or_related
386,385,mentioned_dependency_or_related
386,387,mentioned_dependency_or_related
386,390,mentioned_dependency_or_related
387,234,mentioned_dependency_or_related
387,248,mentioned_dependency_or_related
387,378,mentioned_dependency_or_related
387,383,mentioned_dependency_or_related
387,388,mentioned_dependency_or_related
387,389,mentioned_dependency_or_related
387,390,mentioned_dependency_or_related
388,259,mentioned_dependency_or_related
388,262,mentioned_dependency_or_related
388,287,mentioned_dependency_or_related
388,290,mentioned_dependency_or_related
388,381,mentioned_dependency_or_related
388,387,mentioned_dependency_or_related
388,389,mentioned_dependency_or_related
388,390,mentioned_dependency_or_related
389,373,mentioned_dependency_or_related
389,382,mentioned_dependency_or_related
389,385,mentioned_dependency_or_related
389,387,mentioned_dependency_or_related
389,388,mentioned_dependency_or_related
389,390,mentioned_dependency_or_related
389,391,mentioned_dependency_or_related
389,397,mentioned_dependency_or_related
390,382,mentioned_dependency_or_related
390,388,mentioned_dependency_or_related
390,389,mentioned_dependency_or_related
390,391,mentioned_dependency_or_related
390,406,mentioned_dependency_or_related
391,218,mentioned_dependency_or_related
391,219,mentioned_dependency_or_related
391,220,mentioned_dependency_or_related
391,225,mentioned_dependency_or_related
391,328,mentioned_dependency_or_related
391,392,mentioned_dependency_or_related
391,393,mentioned_dependency_or_related
391,394,mentioned_dependency_or_related
391,395,mentioned_dependency_or_related
391,402,mentioned_dependency_or_related
391,406,mentioned_dependency_or_related
392,004,mentioned_dependency_or_related
392,225,mentioned_dependency_or_related
392,286,mentioned_dependency_or_related
392,328,mentioned_dependency_or_related
392,391,mentioned_dependency_or_related
392,393,mentioned_dependency_or_related
392,394,mentioned_dependency_or_related
392,395,mentioned_dependency_or_related
393,004,mentioned_dependency_or_related
393,219,mentioned_dependency_or_related
393,223,mentioned_dependency_or_related
393,225,mentioned_dependency_or_related
393,286,mentioned_dependency_or_related
393,391,mentioned_dependency_or_related
393,392,mentioned_dependency_or_related
393,394,mentioned_dependency_or_related
393,395,mentioned_dependency_or_related
394,219,mentioned_dependency_or_related
394,225,mentioned_dependency_or_related
394,391,mentioned_dependency_or_related
394,392,mentioned_dependency_or_related
394,393,mentioned_dependency_or_related
394,395,mentioned_dependency_or_related
394,400,mentioned_dependency_or_related
394,401,mentioned_dependency_or_related
395,218,mentioned_dependency_or_related
395,225,mentioned_dependency_or_related
395,328,mentioned_dependency_or_related
395,391,mentioned_dependency_or_related
395,392,mentioned_dependency_or_related
395,394,mentioned_dependency_or_related
395,400,mentioned_dependency_or_related
395,401,mentioned_dependency_or_related
396,200,mentioned_dependency_or_related
396,202,mentioned_dependency_or_related
396,218,mentioned_dependency_or_related
396,225,mentioned_dependency_or_related
396,358,mentioned_dependency_or_related
396,361,mentioned_dependency_or_related
396,395,mentioned_dependency_or_related
396,397,mentioned_dependency_or_related
397,298,mentioned_dependency_or_related
397,299,mentioned_dependency_or_related
397,301,mentioned_dependency_or_related
397,332,mentioned_dependency_or_related
397,390,mentioned_dependency_or_related
397,391,mentioned_dependency_or_related
397,395,mentioned_dependency_or_related
397,396,mentioned_dependency_or_related
397,406,mentioned_dependency_or_related
398,275,mentioned_dependency_or_related
398,286,mentioned_dependency_or_related
398,327,mentioned_dependency_or_related
398,330,mentioned_dependency_or_related
398,391,mentioned_dependency_or_related
398,395,mentioned_dependency_or_related
398,397,mentioned_dependency_or_related
398,406,mentioned_dependency_or_related
399,199,mentioned_dependency_or_related
399,204,mentioned_dependency_or_related
399,355,mentioned_dependency_or_related
399,356,mentioned_dependency_or_related
399,400,mentioned_dependency_or_related
399,401,mentioned_dependency_or_related
399,406,mentioned_dependency_or_related
400,004,mentioned_dependency_or_related
400,204,mentioned_dependency_or_related
400,225,mentioned_dependency_or_related
400,391,mentioned_dependency_or_related
400,395,mentioned_dependency_or_related
400,399,mentioned_dependency_or_related
400,401,mentioned_dependency_or_related
401,219,mentioned_dependency_or_related
401,252,mentioned_dependency_or_related
401,348,mentioned_dependency_or_related
401,356,mentioned_dependency_or_related
401,394,mentioned_dependency_or_related
401,399,mentioned_dependency_or_related
401,400,mentioned_dependency_or_related
401,406,mentioned_dependency_or_related
402,018,mentioned_dependency_or_related
402,237,mentioned_dependency_or_related
402,257,mentioned_dependency_or_related
402,301,mentioned_dependency_or_related
402,331,mentioned_dependency_or_related
402,373,mentioned_dependency_or_related
402,402,mentioned_dependency_or_related
402,403,mentioned_dependency_or_related
402,404,mentioned_dependency_or_related
403,004,mentioned_dependency_or_related
403,018,mentioned_dependency_or_related
403,213,mentioned_dependency_or_related
403,214,mentioned_dependency_or_related
403,319,mentioned_dependency_or_related
403,320,mentioned_dependency_or_related
403,402,mentioned_dependency_or_related
403,404,mentioned_dependency_or_related
404,001,mentioned_dependency_or_related
404,004,mentioned_dependency_or_related
404,338,mentioned_dependency_or_related
404,339,mentioned_dependency_or_related
404,342,mentioned_dependency_or_related
404,373,mentioned_dependency_or_related
404,386,mentioned_dependency_or_related
404,402,mentioned_dependency_or_related
404,403,mentioned_dependency_or_related
405,003,mentioned_dependency_or_related
405,004,mentioned_dependency_or_related
405,005,mentioned_dependency_or_related
405,018,mentioned_dependency_or_related
405,019,mentioned_dependency_or_related
405,047,mentioned_dependency_or_related
405,301,mentioned_dependency_or_related
405,404,mentioned_dependency_or_related
405,406,mentioned_dependency_or_related
406,003,mentioned_dependency_or_related
406,004,mentioned_dependency_or_related
406,005,mentioned_dependency_or_related
406,018,mentioned_dependency_or_related
406,019,mentioned_dependency_or_related
406,047,mentioned_dependency_or_related
406,288,mentioned_dependency_or_related
406,332,mentioned_dependency_or_related
406,373,mentioned_dependency_or_related
406,378,mentioned_dependency_or_related
406,390,mentioned_dependency_or_related
406,391,mentioned_dependency_or_related
406,405,mentioned_dependency_or_related
